bib_number,1687,579,133,116,bib_number_0000.jpg,2362,1569
bib_number,2799,2449,186,471,bib_number_0001.jpg,5184,3456
bib_number,3119,1508,264,220,bib_number_0002.jpg,5184,3456
bib_number,2488,2544,480,458,bib_number_0003.jpg,5184,3456
bib_number,4571,2259,609,652,bib_number_0004.jpg,5184,3456
bib_number,3430,2359,320,441,bib_number_0004.jpg,5184,3456
bib_number,2903,2095,255,583,bib_number_0004.jpg,5184,3456
bib_number,1927,2229,436,337,bib_number_0004.jpg,5184,3456
bib_number,1084,1832,242,173,bib_number_0004.jpg,5184,3456
bib_number,3063,1940,307,207,bib_number_0005.jpg,5184,3456
bib_number,3560,2493,445,549,bib_number_0006.jpg,5184,3456
bib_number,4614,1646,168,117,bib_number_0007.jpg,5184,3456
bib_number,2735,1581,389,320,bib_number_0008.jpg,5184,3456
bib_number,2320,1469,190,147,bib_number_0008.jpg,5184,3456
bib_number,1793,2605,363,393,bib_number_0009.jpg,5184,3456
bib_number,1858,1655,229,216,bib_number_0010.jpg,5184,3456
bib_number,3309,1577,238,173,bib_number_0010.jpg,5184,3456
bib_number,2851,1469,138,91,bib_number_0010.jpg,5184,3456
bib_number,2069,1909,276,220,bib_number_0011.jpg,5184,3456
bib_number,1866,2255,492,376,bib_number_0012.jpg,5184,3456
bib_number,3879,2519,259,203,bib_number_0013.jpg,5184,3456
bib_number,3309,2419,177,181,bib_number_0013.jpg,5184,3456
bib_number,3054,2367,151,138,bib_number_0013.jpg,5184,3456
bib_number,2709,2398,78,130,bib_number_0013.jpg,5184,3456
bib_number,2730,2441,147,183,bib_number_0013.jpg,5184,3456
bib_number,1395,2074,99,112,bib_number_0013.jpg,5184,3456
bib_number,1041,2069,82,143,bib_number_0013.jpg,5184,3456
bib_number,708,2121,130,104,bib_number_0013.jpg,5184,3456
bib_number,13,2043,168,151,bib_number_0013.jpg,5184,3456
bib_number,2026,2225,86,100,bib_number_0013.jpg,5184,3456
bib_number,1642,2143,69,203,bib_number_0013.jpg,5184,3456
bib_number,3661,2322,51,180,bib_number_0013.jpg,5184,3456
bib_number,2799,2091,104,143,bib_number_0014.jpg,5184,3456
bib_number,3305,2121,78,93,bib_number_0014.jpg,5184,3456
bib_number,3644,2199,45,86,bib_number_0014.jpg,5184,3456
bib_number,3402,2203,93,76,bib_number_0014.jpg,5184,3456
bib_number,3212,2218,50,84,bib_number_0014.jpg,5184,3456
bib_number,2938,2264,123,106,bib_number_0014.jpg,5184,3456
bib_number,2709,1922,259,259,bib_number_0015.jpg,5184,3456
bib_number,2834,1503,268,199,bib_number_0016.jpg,5184,3456
bib_number,2748,2657,665,553,bib_number_0017.jpg,5184,3456
bib_number,3197,1763,255,264,bib_number_0018.jpg,5184,3456
bib_number,3879,1702,238,181,bib_number_0018.jpg,5184,3456
bib_number,2249,1498,207,176,bib_number_0018.jpg,5184,3456
bib_number,1858,1819,337,229,bib_number_0019.jpg,5184,3456
bib_number,2683,1089,168,138,bib_number_0019.jpg,5184,3456
bib_number,2147,1706,177,199,bib_number_0020.jpg,5184,3456
bib_number,2346,2091,238,251,bib_number_0021.jpg,5184,3456
bib_number,2968,2160,376,289,bib_number_0021.jpg,5184,3456
bib_number,4722,1801,99,207,bib_number_0021.jpg,5184,3456
bib_number,2225,1758,212,138,bib_number_0022.jpg,5184,3456
bib_number,2899,1534,147,147,bib_number_0022.jpg,5184,3456
bib_number,1240,1668,168,143,bib_number_0022.jpg,5184,3456
bib_number,678,1568,82,82,bib_number_0022.jpg,5184,3456
bib_number,2886,1863,149,146,bib_number_0023.jpg,5184,3456
bib_number,2230,1685,149,135,bib_number_0023.jpg,5184,3456
bib_number,1601,1898,275,140,bib_number_0023.jpg,5184,3456
bib_number,1820,1847,154,149,bib_number_0023.jpg,5184,3456
bib_number,1242,1636,138,108,bib_number_0023.jpg,5184,3456
bib_number,448,1499,112,101,bib_number_0023.jpg,5184,3456
bib_number,733,1394,86,67,bib_number_0023.jpg,5184,3456
bib_number,245,1437,82,62,bib_number_0023.jpg,5184,3456
bib_number,45,1403,56,51,bib_number_0023.jpg,5184,3456
bib_number,1845,1961,289,255,bib_number_0024.jpg,5184,3456
bib_number,2437,1823,211,158,bib_number_0024.jpg,5184,3456
bib_number,3001,1716,157,221,bib_number_0024.jpg,5184,3456
bib_number,3979,2998,471,449,bib_number_0024.jpg,5184,3456
bib_number,1076,1562,128,92,bib_number_0024.jpg,5184,3456
bib_number,790,1474,101,77,bib_number_0024.jpg,5184,3456
bib_number,1314,1411,52,76,bib_number_0024.jpg,5184,3456
bib_number,1560,1536,93,60,bib_number_0024.jpg,5184,3456
bib_number,2760,1482,190,393,bib_number_0025.jpg,5184,3456
bib_number,1387,1486,445,363,bib_number_0025.jpg,5184,3456
bib_number,588,1637,173,367,bib_number_0025.jpg,5184,3456
bib_number,2493,1538,354,238,bib_number_0026.jpg,5184,3456
bib_number,3391,2303,467,302,bib_number_0027.jpg,5184,3456
bib_number,4994,2864,190,583,bib_number_0027.jpg,5184,3456
bib_number,2212,1456,264,264,bib_number_0028.jpg,5184,3456
bib_number,2220,1814,212,194,bib_number_0029.jpg,5184,3456
bib_number,2804,1892,320,255,bib_number_0030.jpg,5184,3456
bib_number,976,2277,225,173,bib_number_0031.jpg,5184,3456
bib_number,2415,2121,311,216,bib_number_0032.jpg,5184,3456
bib_number,3002,1668,233,216,bib_number_0033.jpg,5184,3456
bib_number,2445,1836,259,363,bib_number_0034.jpg,5184,3456
bib_number,2817,2255,320,238,bib_number_0035.jpg,5184,3456
bib_number,2009,2311,281,190,bib_number_0035.jpg,5184,3456
bib_number,5072,1899,100,79,bib_number_0035.jpg,5184,3456
bib_number,2013,2156,229,216,bib_number_0036.jpg,5184,3456
bib_number,2830,2199,181,190,bib_number_0036.jpg,5184,3456
bib_number,601,1814,135,79,bib_number_0036.jpg,5184,3456
bib_number,871,1759,88,47,bib_number_0036.jpg,5184,3456
bib_number,1014,1782,50,64,bib_number_0036.jpg,5184,3456
bib_number,413,1702,54,43,bib_number_0036.jpg,5184,3456
bib_number,199,1695,38,30,bib_number_0036.jpg,5184,3456
bib_number,2873,1940,147,134,bib_number_0037.jpg,5184,3456
bib_number,4838,1661,98,68,bib_number_0037.jpg,5184,3456
bib_number,4,2238,212,631,bib_number_0038.jpg,5184,3456
bib_number,2130,2838,696,600,bib_number_0038.jpg,5184,3456
bib_number,2510,1979,384,302,bib_number_0039.jpg,5184,3456
bib_number,3201,2760,505,354,bib_number_0040.jpg,5184,3456
bib_number,2631,1797,311,216,bib_number_0041.jpg,5184,3456
bib_number,2238,1503,173,143,bib_number_0041.jpg,5184,3456
bib_number,2432,1676,363,276,bib_number_0042.jpg,5184,3456
bib_number,1568,2004,367,488,bib_number_0043.jpg,5184,3456
bib_number,2160,1572,268,276,bib_number_0044.jpg,5184,3456
bib_number,2821,1840,324,229,bib_number_0045.jpg,5184,3456
bib_number,2303,1741,216,216,bib_number_0045.jpg,5184,3456
bib_number,1919,2094,74,117,bib_number_0046.jpg,5184,3456
bib_number,2066,2226,135,140,bib_number_0046.jpg,5184,3456
bib_number,1657,2160,160,127,bib_number_0046.jpg,5184,3456
bib_number,3029,2114,206,178,bib_number_0046.jpg,5184,3456
bib_number,2849,2117,61,125,bib_number_0046.jpg,5184,3456
bib_number,3504,2213,186,127,bib_number_0046.jpg,5184,3456
bib_number,3908,2221,196,173,bib_number_0046.jpg,5184,3456
bib_number,3314,2025,112,127,bib_number_0046.jpg,5184,3456
bib_number,4812,2169,220,177,bib_number_0046.jpg,5184,3456
bib_number,4579,2179,105,136,bib_number_0046.jpg,5184,3456
bib_number,2379,2003,148,148,bib_number_0046.jpg,5184,3456
bib_number,2225,1693,151,117,bib_number_0047.jpg,5184,3456
bib_number,2880,1867,154,151,bib_number_0047.jpg,5184,3456
bib_number,1620,1846,262,197,bib_number_0047.jpg,5184,3456
bib_number,1817,1843,151,151,bib_number_0047.jpg,5184,3456
bib_number,1246,1642,132,98,bib_number_0047.jpg,5184,3456
bib_number,449,1499,111,98,bib_number_0047.jpg,5184,3456
bib_number,736,1405,83,53,bib_number_0047.jpg,5184,3456
bib_number,242,1450,77,45,bib_number_0047.jpg,5184,3456
bib_number,41,1409,64,38,bib_number_0047.jpg,5184,3456
bib_number,2119,1731,170,140,bib_number_0048.jpg,5184,3456
bib_number,1363,1739,192,111,bib_number_0048.jpg,5184,3456
bib_number,526,1489,88,64,bib_number_0048.jpg,5184,3456
bib_number,815,1528,58,29,bib_number_0048.jpg,5184,3456
bib_number,1495,2480,579,492,bib_number_0049.jpg,5184,3456
bib_number,3646,2216,661,549,bib_number_0050.jpg,5184,3456
bib_number,1810,2316,225,350,bib_number_0050.jpg,5184,3456
bib_number,2259,2009,151,229,bib_number_0050.jpg,5184,3456
bib_number,2095,2868,773,575,bib_number_0051.jpg,5184,3456
bib_number,3280,1784,396,324,bib_number_0052.jpg,5184,3456
bib_number,2120,1127,257,249,bib_number_0052.jpg,5184,3456
bib_number,3348,2037,509,370,bib_number_0053.jpg,5184,3456
bib_number,1484,2491,264,242,bib_number_0053.jpg,5184,3456
bib_number,2938,2086,262,215,bib_number_0054.jpg,5184,3456
bib_number,1615,1995,278,247,bib_number_0055.jpg,5184,3456
bib_number,4027,1749,119,103,bib_number_0055.jpg,5184,3456
bib_number,4834,1578,63,71,bib_number_0055.jpg,5184,3456
bib_number,2319,1951,368,294,bib_number_0056.jpg,5184,3456
bib_number,3556,2556,67,115,bib_number_0057.jpg,5184,3456
bib_number,3169,2457,107,111,bib_number_0057.jpg,5184,3456
bib_number,2880,2532,115,107,bib_number_0057.jpg,5184,3456
bib_number,2702,2587,95,123,bib_number_0057.jpg,5184,3456
bib_number,2397,2516,190,123,bib_number_0057.jpg,5184,3456
bib_number,1887,2176,206,198,bib_number_0057.jpg,5184,3456
bib_number,2132,2306,95,162,bib_number_0057.jpg,5184,3456
bib_number,1571,2401,91,127,bib_number_0057.jpg,5184,3456
bib_number,965,2322,340,237,bib_number_0057.jpg,5184,3456
bib_number,657,2449,202,198,bib_number_0057.jpg,5184,3456
bib_number,471,2310,103,135,bib_number_0057.jpg,5184,3456
bib_number,138,2184,237,214,bib_number_0057.jpg,5184,3456
bib_number,2116,1721,190,154,bib_number_0058.jpg,5184,3456
bib_number,1373,1717,178,138,bib_number_0058.jpg,5184,3456
bib_number,1377,1318,116,92,bib_number_0059.jpg,3161,2224
bib_number,1669,1161,70,63,bib_number_0059.jpg,3161,2224
bib_number,1016,1240,111,80,bib_number_0059.jpg,3161,2224
bib_number,2627,1737,178,150,bib_number_0060.jpg,5184,3456
bib_number,3663,1808,214,158,bib_number_0060.jpg,5184,3456
bib_number,2769,1847,222,194,bib_number_0061.jpg,5184,3456
bib_number,2734,1548,309,265,bib_number_0062.jpg,5184,3456
bib_number,2073,1586,400,236,bib_number_0063.jpg,5184,3456
bib_number,1821,2074,327,346,bib_number_0064.jpg,5184,3456
bib_number,2409,1539,182,222,bib_number_0065.jpg,5184,3456
bib_number,3279,1912,237,176,bib_number_0066.jpg,5184,3456
bib_number,1736,1901,242,127,bib_number_0066.jpg,5184,3456
bib_number,815,1618,138,87,bib_number_0067.jpg,5184,3456
bib_number,1642,1729,107,107,bib_number_0067.jpg,5184,3456
bib_number,2120,1986,301,257,bib_number_0067.jpg,5184,3456
bib_number,3185,2188,170,142,bib_number_0068.jpg,5184,3456
bib_number,3877,2314,146,115,bib_number_0068.jpg,5184,3456
bib_number,1704,1732,231,309,bib_number_0069.jpg,5184,3456
bib_number,3373,1992,358,274,bib_number_0069.jpg,5184,3456
bib_number,1177,2347,674,625,bib_number_0070.jpg,5184,3456
bib_number,3102,1908,179,195,bib_number_0070.jpg,5184,3456
bib_number,2409,1804,219,206,bib_number_0071.jpg,5184,3456
bib_number,2571,2327,540,469,bib_number_0072.jpg,5184,3456
bib_number,3003,1879,331,204,bib_number_0073.jpg,5184,3456
bib_number,2931,1876,279,199,bib_number_0074.jpg,5184,3456
bib_number,2564,1491,233,190,bib_number_0075.jpg,5184,3456
bib_number,2530,2376,389,278,bib_number_0076.jpg,5184,3456
bib_number,2153,2329,478,382,bib_number_0077.jpg,5184,3456
bib_number,3468,1998,323,287,bib_number_0077.jpg,5184,3456
bib_number,4607,2153,264,257,bib_number_0077.jpg,5184,3456
bib_number,2263,1507,198,75,bib_number_0078.jpg,5184,3456
bib_number,2817,1851,202,170,bib_number_0079.jpg,5184,3456
bib_number,3454,1673,150,194,bib_number_0079.jpg,5184,3456
bib_number,2976,1795,240,248,bib_number_0080.jpg,5184,3456
bib_number,2100,1448,139,174,bib_number_0081.jpg,5184,3456
bib_number,2727,1767,254,274,bib_number_0081.jpg,5184,3456
bib_number,2976,1876,299,249,bib_number_0081.jpg,5184,3456
bib_number,2136,1953,256,146,bib_number_0082.jpg,5184,3456
bib_number,3049,2674,639,566,bib_number_0083.jpg,5184,3456
bib_number,2821,2498,573,456,bib_number_0084.jpg,5184,3456
bib_number,2256,1597,300,284,bib_number_0085.jpg,5184,3456
bib_number,2275,1891,237,186,bib_number_0086.jpg,5184,3456
bib_number,2329,1451,468,386,bib_number_0087.jpg,5184,3456
bib_number,2658,1480,332,241,bib_number_0088.jpg,5184,3456
bib_number,2247,1503,170,146,bib_number_0088.jpg,5184,3456
bib_number,1246,1764,253,186,bib_number_0088.jpg,5184,3456
bib_number,301,509,78,63,bib_number_0089.jpg,720,1076
bib_number,353,335,46,33,bib_number_0090.jpg,720,481
bib_number,573,516,132,110,bib_number_0091.jpg,1200,1600
bib_number,1054,1615,224,204,bib_number_0092.jpg,3000,2000
bib_number,1949,931,138,97,bib_number_0092.jpg,3000,2000
bib_number,1623,1210,226,176,bib_number_0093.jpg,4508,2536
bib_number,523,721,153,157,bib_number_0094.jpg,1255,1890
bib_number,385,815,120,76,bib_number_0095.jpg,1977,1517
bib_number,814,920,113,90,bib_number_0096.jpg,1596,1879
bib_number,326,814,120,91,bib_number_0097.jpg,1987,1509
bib_number,1110,830,169,148,bib_number_0098.jpg,1897,1581
bib_number,621,857,241,178,bib_number_0099.jpg,1458,2056
bib_number,709,638,189,170,bib_number_0100.jpg,1457,2059
bib_number,904,1342,155,115,bib_number_0101.jpg,2000,3000
bib_number,736,495,110,83,bib_number_0102.jpg,1669,1197
bib_number,895,519,90,69,bib_number_0102.jpg,1669,1197
bib_number,608,597,164,125,bib_number_0103.jpg,1731,1155
bib_number,1505,586,195,156,bib_number_0103.jpg,1731,1155
bib_number,1022,506,101,78,bib_number_0104.jpg,1701,1175
bib_number,521,454,112,71,bib_number_0104.jpg,1701,1175
bib_number,927,452,127,88,bib_number_0105.jpg,1706,1171
bib_number,1220,324,124,88,bib_number_0106.jpg,1816,1101
bib_number,1294,406,83,90,bib_number_0107.jpg,1788,1118
bib_number,928,806,56,44,bib_number_0108.jpg,1659,1205
bib_number,946,711,64,52,bib_number_0109.jpg,1751,1142
bib_number,995,494,116,87,bib_number_0132.jpg,1743,1146
bib_number,1376,789,186,139,bib_number_0133.jpg,1686,1185
bib_number,944,802,46,42,bib_number_0134.jpg,1733,1153
bib_number,406,737,62,46,bib_number_0135.jpg,1683,1187
bib_number,1316,711,144,107,bib_number_0135.jpg,1683,1187
bib_number,646,954,0,1,bib_number_0136.jpg,1774,1126
bib_number,766,477,102,80,bib_number_0136.jpg,1774,1126
bib_number,638,474,86,82,bib_number_0137.jpg,1649,1212
bib_number,504,976,355,214,bib_number_0138.jpg,1679,1191
bib_number,828,813,67,52,bib_number_0139.jpg,1733,1153
bib_number,935,414,182,114,bib_number_0140.jpg,1746,1144
bib_number,518,518,76,93,bib_number_0141.jpg,1709,1169
bib_number,1102,563,103,78,bib_number_0141.jpg,1709,1169
bib_number,1492,463,111,73,bib_number_0141.jpg,1709,1169
bib_number,458,542,85,91,bib_number_0142.jpg,1636,1221
bib_number,970,608,94,62,bib_number_0142.jpg,1636,1221
bib_number,1306,536,82,62,bib_number_0142.jpg,1636,1221
bib_number,1240,500,21,25,bib_number_0142.jpg,1636,1221
bib_number,1146,442,137,121,bib_number_0143.jpg,1689,1184
bib_number,1395,522,74,57,bib_number_0144.jpg,1763,1134
bib_number,674,441,89,73,bib_number_0145.jpg,1762,1134
bib_number,747,491,101,72,bib_number_0146.jpg,1621,1233
bib_number,1059,513,10,4,bib_number_0147.jpg,1705,1173
bib_number,1041,477,74,61,bib_number_0147.jpg,1705,1173
bib_number,1287,619,105,75,bib_number_0147.jpg,1705,1173
bib_number,1092,616,96,73,bib_number_0148.jpg,1705,1173
bib_number,550,478,44,68,bib_number_0149.jpg,1697,1178
bib_number,954,417,96,63,bib_number_0149.jpg,1697,1178
bib_number,735,551,105,83,bib_number_0150.jpg,1625,1230
bib_number,923,492,120,92,bib_number_0151.jpg,1648,1212
bib_number,294,478,124,89,bib_number_0152.jpg,1644,1216
bib_number,861,448,110,82,bib_number_0153.jpg,1676,1193
bib_number,124,450,102,70,bib_number_0153.jpg,1676,1193
bib_number,819,430,101,76,bib_number_0154.jpg,1780,1123
bib_number,445,416,79,71,bib_number_0155.jpg,1633,1224
bib_number,1230,551,47,44,bib_number_0156.jpg,1709,1170
bib_number,1432,611,77,61,bib_number_0157.jpg,1765,1133
bib_number,1164,654,83,73,bib_number_0158.jpg,1683,1187
bib_number,504,737,176,130,bib_number_0159.jpg,1550,1289
bib_number,1081,578,110,96,bib_number_0160.jpg,1635,1222
bib_number,558,377,78,61,bib_number_0161.jpg,1200,768
bib_number,1128,658,81,67,bib_number_0162.jpg,1617,1236
bib_number,1303,585,107,64,bib_number_0163.jpg,1724,1159
bib_number,566,602,109,70,bib_number_0164.jpg,1740,1149
bib_number,1153,680,128,102,bib_number_0165.jpg,1655,1208
bib_number,974,631,91,74,bib_number_0166.jpg,1605,1245
bib_number,1352,650,65,90,bib_number_0166.jpg,1605,1245
bib_number,676,482,112,86,bib_number_0167.jpg,1666,1199
bib_number,1357,443,88,62,bib_number_0167.jpg,1666,1199
bib_number,931,585,120,84,bib_number_0168.jpg,1642,1217
bib_number,318,504,91,74,bib_number_0168.jpg,1642,1217
bib_number,1148,449,123,89,bib_number_0169.jpg,1643,1216
bib_number,1566,733,45,39,bib_number_0170.jpg,1841,1085
bib_number,1040,761,60,52,bib_number_0171.jpg,1677,1191
bib_number,578,452,93,35,bib_number_0172.jpg,1658,1206
bib_number,723,532,99,86,bib_number_0173.jpg,1692,1182
bib_number,1288,385,105,75,bib_number_0174.jpg,1765,1133
bib_number,701,643,67,47,bib_number_0175.jpg,1575,1269
bib_number,958,527,142,97,bib_number_0175.jpg,1575,1269
bib_number,370,592,107,102,bib_number_0176.jpg,1594,1253
bib_number,1232,451,111,91,bib_number_0177.jpg,1730,1156
bib_number,1042,540,201,168,bib_number_0178.jpg,1614,1238
bib_number,780,537,74,63,bib_number_0179.jpg,1623,1232
bib_number,514,552,87,71,bib_number_0179.jpg,1623,1232
bib_number,969,463,108,90,bib_number_0179.jpg,1623,1232
bib_number,1167,425,82,57,bib_number_0179.jpg,1623,1232
bib_number,1329,557,120,92,bib_number_0179.jpg,1623,1232
bib_number,1504,381,36,24,bib_number_0179.jpg,1623,1232
bib_number,442,552,87,84,bib_number_0180.jpg,1670,1197
bib_number,797,535,62,37,bib_number_0180.jpg,1670,1197
bib_number,1073,549,74,50,bib_number_0180.jpg,1670,1197
bib_number,1291,575,83,56,bib_number_0180.jpg,1670,1197
bib_number,1457,464,45,29,bib_number_0180.jpg,1670,1197
bib_number,1422,371,15,11,bib_number_0180.jpg,1670,1197
bib_number,749,544,95,98,bib_number_0181.jpg,1612,1240
bib_number,1060,428,73,53,bib_number_0181.jpg,1612,1240
bib_number,1523,467,46,34,bib_number_0181.jpg,1612,1240
bib_number,347,354,53,39,bib_number_0182.jpg,1014,676
bib_number,543,367,55,39,bib_number_0182.jpg,1014,676
bib_number,435,446,27,41,bib_number_0182.jpg,1014,676
bib_number,110,618,158,57,bib_number_0183.jpg,1014,676
bib_number,753,546,16,41,bib_number_0183.jpg,1014,676
bib_number,826,463,67,71,bib_number_0183.jpg,1014,676
bib_number,954,385,41,66,bib_number_0183.jpg,1014,676
bib_number,428,435,114,88,bib_number_0184.jpg,1014,693
bib_number,364,445,74,66,bib_number_0185.jpg,1014,676
bib_number,673,381,26,33,bib_number_0185.jpg,1014,676
bib_number,725,345,19,29,bib_number_0185.jpg,1014,676
bib_number,787,345,27,22,bib_number_0185.jpg,1014,676
bib_number,911,348,19,13,bib_number_0185.jpg,1014,676
bib_number,1820,2765,624,418,bib_number_0186.jpg,5760,3840
bib_number,699,2369,154,220,bib_number_0186.jpg,5760,3840
bib_number,180,2484,185,211,bib_number_0186.jpg,5760,3840
bib_number,510,2026,84,163,bib_number_0186.jpg,5760,3840
bib_number,1512,1771,88,132,bib_number_0186.jpg,5760,3840
bib_number,4651,2418,149,356,bib_number_0186.jpg,5760,3840
bib_number,4338,2523,229,211,bib_number_0186.jpg,5760,3840
bib_number,3938,1789,167,154,bib_number_0186.jpg,5760,3840
bib_number,5226,2708,356,374,bib_number_0186.jpg,5760,3840
bib_number,559,377,56,40,bib_number_0187.jpg,1014,676
bib_number,451,456,80,46,bib_number_0188.jpg,1014,668
bib_number,577,192,19,17,bib_number_0188.jpg,1014,668
bib_number,316,168,22,16,bib_number_0188.jpg,1014,668
bib_number,202,370,58,41,bib_number_0188.jpg,1014,668
bib_number,367,161,9,12,bib_number_0188.jpg,1014,668
bib_number,264,170,11,12,bib_number_0188.jpg,1014,668
bib_number,546,164,10,9,bib_number_0188.jpg,1014,668
bib_number,648,328,42,36,bib_number_0188.jpg,1014,668
bib_number,735,324,47,31,bib_number_0188.jpg,1014,668
bib_number,824,387,62,50,bib_number_0188.jpg,1014,668
bib_number,922,334,32,35,bib_number_0188.jpg,1014,668
bib_number,809,295,26,26,bib_number_0188.jpg,1014,668
bib_number,3196,2275,352,268,bib_number_0189.jpg,5760,3840
bib_number,2132,2565,193,259,bib_number_0189.jpg,5760,3840
bib_number,1815,2103,268,233,bib_number_0189.jpg,5760,3840
bib_number,1077,2059,312,251,bib_number_0189.jpg,5760,3840
bib_number,967,1646,127,141,bib_number_0189.jpg,5760,3840
bib_number,646,2574,259,233,bib_number_0189.jpg,5760,3840
bib_number,4097,1993,224,207,bib_number_0189.jpg,5760,3840
bib_number,4725,1901,176,189,bib_number_0189.jpg,5760,3840
bib_number,5073,2257,119,189,bib_number_0189.jpg,5760,3840
bib_number,5213,2354,171,180,bib_number_0189.jpg,5760,3840
bib_number,460,428,125,104,bib_number_0190.jpg,1000,667
bib_number,439,427,15,14,bib_number_0191.jpg,1014,694
bib_number,436,249,81,56,bib_number_0192.jpg,1014,708
bib_number,124,264,80,50,bib_number_0192.jpg,1014,708
bib_number,425,302,58,43,bib_number_0193.jpg,1014,649
bib_number,2316,1009,94,79,bib_number_0194.jpg,2863,1746
bib_number,1173,743,143,97,bib_number_0195.jpg,2532,1973
bib_number,4,1059,228,159,bib_number_0196.jpg,2711,1843
bib_number,356,970,25,66,bib_number_0196.jpg,2711,1843
bib_number,695,779,101,85,bib_number_0196.jpg,2711,1843
bib_number,1026,792,91,116,bib_number_0196.jpg,2711,1843
bib_number,1260,831,72,126,bib_number_0196.jpg,2711,1843
bib_number,1769,945,120,52,bib_number_0196.jpg,2711,1843
bib_number,1936,891,141,118,bib_number_0196.jpg,2711,1843
bib_number,2421,825,124,81,bib_number_0196.jpg,2711,1843
bib_number,2607,920,72,93,bib_number_0196.jpg,2711,1843
bib_number,665,652,119,81,bib_number_0197.jpg,2363,1535
bib_number,1504,719,123,92,bib_number_0197.jpg,2363,1535
bib_number,1876,928,155,108,bib_number_0198.jpg,2781,1797
bib_number,684,888,159,113,bib_number_0199.jpg,2741,1824
bib_number,756,796,159,116,bib_number_0200.jpg,2707,1847
bib_number,1301,714,167,112,bib_number_0202.jpg,2701,1851
bib_number,1631,1218,165,150,bib_number_0203.jpg,2398,2084
bib_number,1918,971,33,38,bib_number_0203.jpg,2398,2084
bib_number,2031,899,66,33,bib_number_0203.jpg,2398,2084
bib_number,1286,1053,59,33,bib_number_0203.jpg,2398,2084
bib_number,1180,984,68,38,bib_number_0203.jpg,2398,2084
bib_number,942,921,70,48,bib_number_0203.jpg,2398,2084
bib_number,772,912,66,44,bib_number_0203.jpg,2398,2084
bib_number,655,852,49,44,bib_number_0203.jpg,2398,2084
bib_number,520,929,64,38,bib_number_0203.jpg,2398,2084
bib_number,406,874,44,48,bib_number_0203.jpg,2398,2084
bib_number,267,837,64,49,bib_number_0203.jpg,2398,2084
bib_number,4310,1561,480,363,bib_number_0204.jpg,6000,4000
bib_number,2807,1912,412,284,bib_number_0205.jpg,6000,4000
bib_number,3516,1399,105,50,bib_number_0205.jpg,6000,4000
bib_number,1856,977,40,56,bib_number_0206.jpg,2610,1915
bib_number,1625,930,62,42,bib_number_0206.jpg,2610,1915
bib_number,1382,958,56,42,bib_number_0206.jpg,2610,1915
bib_number,1239,968,60,28,bib_number_0206.jpg,2610,1915
bib_number,1103,946,58,42,bib_number_0206.jpg,2610,1915
bib_number,942,928,58,46,bib_number_0206.jpg,2610,1915
bib_number,852,918,48,42,bib_number_0206.jpg,2610,1915
bib_number,727,900,54,44,bib_number_0206.jpg,2610,1915
bib_number,604,916,58,40,bib_number_0206.jpg,2610,1915
bib_number,486,930,46,38,bib_number_0206.jpg,2610,1915
bib_number,390,904,48,36,bib_number_0206.jpg,2610,1915
bib_number,333,890,52,16,bib_number_0206.jpg,2610,1915
bib_number,523,910,92,56,bib_number_0207.jpg,2926,1708
bib_number,2072,769,141,100,bib_number_0208.jpg,2980,1677
bib_number,1774,889,61,32,bib_number_0208.jpg,2980,1677
bib_number,464,771,87,72,bib_number_0209.jpg,2939,1701
bib_number,2066,866,145,85,bib_number_0210.jpg,2930,1706
bib_number,3521,1710,325,266,bib_number_0211.jpg,6000,4000
bib_number,1228,1123,277,186,bib_number_0212.jpg,2125,1535
bib_number,3585,1532,293,234,bib_number_0213.jpg,6000,4000
bib_number,2701,903,130,100,bib_number_0214.jpg,2982,1676
bib_number,1768,751,84,61,bib_number_0214.jpg,2982,1676
bib_number,1393,774,93,71,bib_number_0214.jpg,2982,1676
bib_number,1085,774,27,55,bib_number_0214.jpg,2982,1676
bib_number,1118,743,74,48,bib_number_0215.jpg,1855,1299
bib_number,1168,649,182,125,bib_number_0216.jpg,2004,1535
bib_number,1264,1209,101,61,bib_number_0217.jpg,2655,1772
bib_number,1955,1130,113,79,bib_number_0217.jpg,2655,1772
bib_number,833,971,294,195,bib_number_0282.jpg,2000,1333
bib_number,899,740,113,101,bib_number_0283.jpg,2000,1333
bib_number,878,779,209,153,bib_number_0284.jpg,2000,1282
bib_number,689,697,75,48,bib_number_0285.jpg,1785,1399
bib_number,660,759,57,38,bib_number_0286.jpg,1919,1280
bib_number,792,798,50,48,bib_number_0286.jpg,1919,1280
bib_number,1000,737,79,82,bib_number_0286.jpg,1919,1280
bib_number,829,1126,167,126,bib_number_0287.jpg,1774,2661
bib_number,1535,998,47,41,bib_number_0287.jpg,1774,2661
bib_number,1115,1510,199,183,bib_number_0288.jpg,2304,3456
bib_number,258,1588,118,91,bib_number_0288.jpg,2304,3456
bib_number,1287,836,153,150,bib_number_0289.jpg,3456,2304
bib_number,2020,778,142,113,bib_number_0289.jpg,3456,2304
bib_number,1472,855,76,76,bib_number_0289.jpg,3456,2304
bib_number,1076,960,55,29,bib_number_0289.jpg,3456,2304
bib_number,1023,942,24,24,bib_number_0289.jpg,3456,2304
bib_number,923,963,26,18,bib_number_0289.jpg,3456,2304
bib_number,531,464,98,58,bib_number_0290.jpg,1500,1000
bib_number,379,528,50,35,bib_number_0290.jpg,1500,1000
bib_number,849,556,65,53,bib_number_0291.jpg,1500,1000
bib_number,672,567,56,46,bib_number_0292.jpg,1500,1000
bib_number,473,546,47,32,bib_number_0292.jpg,1500,1000
bib_number,227,598,50,41,bib_number_0292.jpg,1500,1000
bib_number,372,595,130,80,bib_number_0293.jpg,1500,1000
bib_number,834,388,14,11,bib_number_0293.jpg,1500,1000
bib_number,876,419,9,15,bib_number_0293.jpg,1500,1000
bib_number,1117,585,78,55,bib_number_0294.jpg,1500,1000
bib_number,490,583,68,46,bib_number_0295.jpg,1500,1000
bib_number,640,587,54,45,bib_number_0295.jpg,1500,1000
bib_number,609,334,71,52,bib_number_0296.jpg,1500,1000
bib_number,472,546,81,46,bib_number_0296.jpg,1500,1000
bib_number,1107,529,54,41,bib_number_0297.jpg,1500,1000
bib_number,902,556,57,43,bib_number_0297.jpg,1500,1000
bib_number,703,623,37,34,bib_number_0297.jpg,1500,1000
bib_number,424,591,41,38,bib_number_0297.jpg,1500,1000
bib_number,488,656,76,49,bib_number_0298.jpg,1000,1500
bib_number,593,680,35,45,bib_number_0299.jpg,1500,973
bib_number,747,675,46,37,bib_number_0299.jpg,1500,973
bib_number,1036,615,52,34,bib_number_0299.jpg,1500,973
bib_number,1089,660,77,30,bib_number_0300.jpg,1500,1000
bib_number,461,504,54,50,bib_number_0300.jpg,1500,1000
bib_number,516,643,48,29,bib_number_0301.jpg,1500,1000
bib_number,936,694,48,50,bib_number_0306.jpg,1500,1000
bib_number,515,533,29,22,bib_number_0306.jpg,1500,1000
bib_number,268,444,23,22,bib_number_0306.jpg,1500,1000
bib_number,325,507,54,61,bib_number_0307.jpg,1500,999
bib_number,522,589,41,53,bib_number_0307.jpg,1500,999
bib_number,782,426,74,74,bib_number_0308.jpg,1500,1000
bib_number,1005,495,47,53,bib_number_0308.jpg,1500,1000
bib_number,1061,515,21,33,bib_number_0308.jpg,1500,1000
bib_number,697,543,49,32,bib_number_0309.jpg,1500,1000
bib_number,627,663,49,34,bib_number_0309.jpg,1500,1000
bib_number,445,604,82,80,bib_number_0310.jpg,1500,1000
bib_number,857,554,66,47,bib_number_0311.jpg,1500,1000
bib_number,728,672,42,49,bib_number_0312.jpg,1500,1000
bib_number,1006,620,47,39,bib_number_0312.jpg,1500,1000
bib_number,739,506,45,46,bib_number_0313.jpg,1500,1000
bib_number,1012,501,84,53,bib_number_0313.jpg,1500,1000
bib_number,1100,582,37,35,bib_number_0314.jpg,1500,1000
bib_number,389,459,60,69,bib_number_0315.jpg,1500,1000
bib_number,829,599,16,19,bib_number_0316.jpg,1500,1000
bib_number,1081,595,41,34,bib_number_0316.jpg,1500,1000
bib_number,1207,609,47,39,bib_number_0316.jpg,1500,1000
bib_number,1013,655,70,50,bib_number_0317.jpg,1500,1000
bib_number,921,553,38,23,bib_number_0317.jpg,1500,1000
bib_number,995,408,14,9,bib_number_0317.jpg,1500,1000
bib_number,754,606,102,76,bib_number_0318.jpg,1500,1000
bib_number,1023,417,34,49,bib_number_0319.jpg,1500,1000
bib_number,634,638,39,33,bib_number_0320.jpg,1500,1000
bib_number,851,612,26,34,bib_number_0320.jpg,1500,1000
bib_number,1081,644,32,34,bib_number_0320.jpg,1500,1000
bib_number,1174,580,32,30,bib_number_0320.jpg,1500,1000
bib_number,1269,2676,521,340,bib_number_0321.jpg,4096,6137
bib_number,1185,643,97,88,bib_number_0322.jpg,2500,1664
bib_number,1145,711,145,132,bib_number_0323.jpg,2500,1664
bib_number,1139,707,134,109,bib_number_0324.jpg,2500,1664
bib_number,1057,636,168,135,bib_number_0325.jpg,2500,1661
bib_number,1194,638,128,116,bib_number_0336.jpg,2500,1661
bib_number,1271,839,166,122,bib_number_0337.jpg,2500,1661
bib_number,1143,1037,196,223,bib_number_0338.jpg,2432,3648
bib_number,1751,1105,187,86,bib_number_0339.jpg,3648,2432
bib_number,950,1759,206,184,bib_number_0340.jpg,2432,3648
bib_number,1093,1735,206,160,bib_number_0341.jpg,2432,3648
bib_number,1102,1342,243,187,bib_number_0342.jpg,2432,3648
bib_number,958,1336,362,284,bib_number_0343.jpg,2432,3648
bib_number,889,1405,217,193,bib_number_0344.jpg,2432,3648
bib_number,1015,1836,191,143,bib_number_0345.jpg,2432,3648
bib_number,1674,1440,152,143,bib_number_0345.jpg,2432,3648
bib_number,1431,1431,100,89,bib_number_0345.jpg,2432,3648
bib_number,1004,1726,232,184,bib_number_0346.jpg,2432,3648
bib_number,1019,1745,180,148,bib_number_0347.jpg,2432,3648
bib_number,2052,1091,237,200,bib_number_0348.jpg,3648,2432
bib_number,2759,768,136,95,bib_number_0348.jpg,3648,2432
bib_number,2995,782,95,64,bib_number_0348.jpg,3648,2432
bib_number,2503,980,3,3,bib_number_0349.jpg,3648,2432
bib_number,2608,896,0,3,bib_number_0349.jpg,3648,2432
bib_number,2519,894,167,136,bib_number_0349.jpg,3648,2432
bib_number,671,1178,234,164,bib_number_0350.jpg,1785,2761
bib_number,1119,1617,226,113,bib_number_0351.jpg,2432,3648
bib_number,1945,1869,98,87,bib_number_0351.jpg,2432,3648
bib_number,1146,1273,306,266,bib_number_0352.jpg,2432,3648
bib_number,993,1289,321,256,bib_number_0353.jpg,2432,3648
bib_number,1857,938,114,128,bib_number_0354.jpg,3648,2432
bib_number,929,756,136,113,bib_number_0355.jpg,1800,1308
bib_number,754,1154,106,93,bib_number_0356.jpg,1633,1800
bib_number,672,1042,66,59,bib_number_0356.jpg,1633,1800
bib_number,554,444,84,75,bib_number_0357.jpg,1800,1014
bib_number,1092,463,85,71,bib_number_0358.jpg,1800,1200
bib_number,990,679,21,12,bib_number_0358.jpg,1800,1200
bib_number,1159,651,18,10,bib_number_0358.jpg,1800,1200
bib_number,713,841,120,108,bib_number_0359.jpg,1500,1000
bib_number,590,829,58,100,bib_number_0359.jpg,1500,1000
bib_number,738,717,108,81,bib_number_0360.jpg,1500,1000
bib_number,855,375,47,42,bib_number_0361.jpg,1500,1000
bib_number,912,363,32,25,bib_number_0361.jpg,1500,1000
bib_number,701,370,22,10,bib_number_0361.jpg,1500,1000
bib_number,627,332,16,15,bib_number_0361.jpg,1500,1000
bib_number,703,968,181,32,bib_number_0362.jpg,1500,1000
bib_number,1281,735,119,94,bib_number_0362.jpg,1500,1000
bib_number,110,609,58,66,bib_number_0362.jpg,1500,1000
bib_number,1209,754,70,64,bib_number_0363.jpg,1500,1000
bib_number,1164,509,46,32,bib_number_0363.jpg,1500,1000
bib_number,949,796,90,128,bib_number_0363.jpg,1500,1000
bib_number,912,660,21,17,bib_number_0363.jpg,1500,1000
bib_number,759,703,94,58,bib_number_0363.jpg,1500,1000
bib_number,609,959,21,40,bib_number_0363.jpg,1500,1000
bib_number,522,741,93,78,bib_number_0363.jpg,1500,1000
bib_number,602,535,55,40,bib_number_0363.jpg,1500,1000
bib_number,446,559,27,34,bib_number_0363.jpg,1500,1000
bib_number,369,458,33,23,bib_number_0363.jpg,1500,1000
bib_number,122,565,63,43,bib_number_0363.jpg,1500,1000
bib_number,0,686,81,58,bib_number_0363.jpg,1500,1000
bib_number,728,815,125,173,bib_number_0364.jpg,1500,1000
bib_number,790,647,31,23,bib_number_0365.jpg,1500,1000
bib_number,678,610,17,16,bib_number_0365.jpg,1500,1000
bib_number,620,588,15,14,bib_number_0365.jpg,1500,1000
bib_number,586,591,13,8,bib_number_0365.jpg,1500,1000
bib_number,555,567,11,10,bib_number_0365.jpg,1500,1000
bib_number,1241,616,179,165,bib_number_0366.jpg,1500,1000
bib_number,616,549,156,134,bib_number_0366.jpg,1500,1000
bib_number,205,705,138,116,bib_number_0366.jpg,1500,1000
bib_number,606,587,193,145,bib_number_0367.jpg,1500,1000
bib_number,1272,435,134,108,bib_number_0367.jpg,1500,1000
bib_number,1022,381,90,104,bib_number_0367.jpg,1500,1000
bib_number,205,679,82,132,bib_number_0367.jpg,1500,1000
bib_number,465,609,42,35,bib_number_0368.jpg,1500,1000
bib_number,389,594,29,32,bib_number_0368.jpg,1500,1000
bib_number,307,590,50,40,bib_number_0368.jpg,1500,1000
bib_number,160,598,37,49,bib_number_0368.jpg,1500,1000
bib_number,646,623,38,33,bib_number_0369.jpg,1500,1000
bib_number,769,622,30,37,bib_number_0369.jpg,1500,1000
bib_number,804,608,11,24,bib_number_0369.jpg,1500,1000
bib_number,851,655,38,32,bib_number_0369.jpg,1500,1000
bib_number,931,603,35,27,bib_number_0369.jpg,1500,1000
bib_number,1016,627,32,32,bib_number_0369.jpg,1500,1000
bib_number,1056,1351,341,254,bib_number_0384.jpg,2432,3648
bib_number,310,991,102,91,bib_number_0384.jpg,2432,3648
bib_number,1324,2037,188,178,bib_number_0385.jpg,2432,3648
bib_number,971,1444,276,194,bib_number_0386.jpg,2432,3648
bib_number,1121,1893,449,306,bib_number_0387.jpg,2432,3648
bib_number,898,2110,50,39,bib_number_0387.jpg,2432,3648
bib_number,809,2188,33,17,bib_number_0387.jpg,2432,3648
bib_number,1156,1462,290,197,bib_number_0388.jpg,2432,3648
bib_number,1175,1975,232,158,bib_number_0389.jpg,2432,3648
bib_number,512,1535,41,22,bib_number_0389.jpg,2432,3648
bib_number,1787,933,206,150,bib_number_0390.jpg,3648,2432
bib_number,1887,888,173,111,bib_number_0391.jpg,3648,2432
bib_number,1606,838,28,28,bib_number_0391.jpg,3648,2432
bib_number,1651,1186,78,139,bib_number_0392.jpg,3648,2432
bib_number,2739,1197,164,128,bib_number_0392.jpg,3648,2432
bib_number,2586,927,187,164,bib_number_0393.jpg,3648,2432
bib_number,2464,1013,264,214,bib_number_0394.jpg,3648,2432
bib_number,1389,1256,142,75,bib_number_0395.jpg,3648,2432
bib_number,2600,1208,56,89,bib_number_0395.jpg,3648,2432
bib_number,2038,1063,187,156,bib_number_0396.jpg,3648,2432
bib_number,3274,1013,131,86,bib_number_0396.jpg,3648,2432
bib_number,1528,1077,170,148,bib_number_0397.jpg,3648,2432
bib_number,2723,1183,234,173,bib_number_0397.jpg,3648,2432
bib_number,2461,1200,203,173,bib_number_0398.jpg,3648,2432
bib_number,2556,1161,237,225,bib_number_0399.jpg,3648,2432
bib_number,2670,1267,290,217,bib_number_0400.jpg,3648,2432
bib_number,2408,838,231,181,bib_number_0401.jpg,3648,2432
bib_number,1345,933,212,125,bib_number_0402.jpg,3648,2432
bib_number,2163,1139,209,153,bib_number_0402.jpg,3648,2432
bib_number,1289,1525,300,268,bib_number_0403.jpg,2432,3648
bib_number,1027,1659,225,226,bib_number_0454.jpg,2432,3648
bib_number,1683,940,195,160,bib_number_0455.jpg,3648,2432
bib_number,670,895,291,201,bib_number_0455.jpg,3648,2432
bib_number,933,1399,295,256,bib_number_0456.jpg,2432,3648
bib_number,1165,1630,230,245,bib_number_0457.jpg,2432,3648
bib_number,1984,1050,60,176,bib_number_0458.jpg,3648,2432
bib_number,1056,1237,238,185,bib_number_0458.jpg,3648,2432
bib_number,500,1489,651,503,bib_number_0459.jpg,2432,3648
bib_number,909,1867,381,285,bib_number_0460.jpg,2432,3648
bib_number,1097,1812,239,171,bib_number_0461.jpg,2432,3648
bib_number,1534,1948,50,33,bib_number_0461.jpg,2432,3648
bib_number,1527,893,206,160,bib_number_0462.jpg,3648,2432
bib_number,2875,992,254,181,bib_number_0462.jpg,3648,2432
bib_number,1132,1149,333,315,bib_number_0463.jpg,2432,3648
bib_number,860,1387,424,396,bib_number_0464.jpg,2432,3648
bib_number,1846,908,223,181,bib_number_0465.jpg,3648,2432
bib_number,1198,1672,188,140,bib_number_0466.jpg,2432,3648
bib_number,1700,909,191,145,bib_number_0467.jpg,3648,2432
bib_number,1511,1561,372,374,bib_number_1500.jpg,3456,5184
bib_number,1534,1431,356,398,bib_number_1501.jpg,3456,5184
bib_number,1314,2051,424,420,bib_number_1502.jpg,3456,5184
bib_number,1255,1924,406,406,bib_number_1503.jpg,3456,5184
bib_number,1218,2001,486,474,bib_number_1504.jpg,3456,5184
bib_number,1468,1447,445,429,bib_number_1505.jpg,3456,5184
bib_number,1454,1881,360,353,bib_number_1506.jpg,3456,5184
bib_number,1531,1600,322,328,bib_number_1507.jpg,3456,5184
bib_number,1439,1794,572,481,bib_number_1508.jpg,3456,5184
bib_number,1255,1822,562,551,bib_number_1509.jpg,3456,5184
bib_number,1452,1971,351,358,bib_number_1510.jpg,3456,5184
bib_number,0,2190,159,396,bib_number_1510.jpg,3456,5184
bib_number,1334,1352,592,482,bib_number_1511.jpg,3456,5184
bib_number,1487,1776,394,399,bib_number_1512.jpg,3456,5184
bib_number,699,2050,319,342,bib_number_1512.jpg,3456,5184
bib_number,264,2232,285,303,bib_number_1512.jpg,3456,5184
bib_number,1381,1818,446,489,bib_number_1513.jpg,3456,5184
bib_number,1375,1790,402,456,bib_number_1514.jpg,3456,5184
bib_number,1307,2108,390,405,bib_number_1515.jpg,3456,5184
bib_number,1478,1745,461,454,bib_number_1516.jpg,3456,5184
bib_number,1448,1624,389,391,bib_number_1517.jpg,3456,5184
bib_number,1471,1958,454,380,bib_number_1518.jpg,3456,5184
bib_number,1717,1290,312,287,bib_number_1519.jpg,5184,3456
bib_number,2971,1022,299,336,bib_number_1519.jpg,5184,3456
bib_number,1705,1326,316,305,bib_number_1520.jpg,5184,3456
bib_number,3119,1003,273,316,bib_number_1520.jpg,5184,3456
bib_number,1424,1533,288,261,bib_number_1521.jpg,5184,3456
bib_number,2592,1304,284,307,bib_number_1521.jpg,5184,3456
bib_number,1575,1928,476,529,bib_number_1522.jpg,3456,5184
bib_number,2686,1615,250,300,bib_number_1523.jpg,5184,3456
bib_number,1088,1809,294,273,bib_number_1523.jpg,5184,3456
bib_number,1547,1772,309,307,bib_number_1524.jpg,3456,5184
bib_number,1599,2161,349,331,bib_number_1525.jpg,3456,5184
bib_number,2267,2180,156,178,bib_number_1525.jpg,3456,5184
bib_number,2859,2097,231,226,bib_number_1525.jpg,3456,5184
bib_number,1042,2320,330,327,bib_number_1526.jpg,3456,5184
bib_number,1496,2346,376,415,bib_number_1526.jpg,3456,5184
bib_number,3216,2320,240,318,bib_number_1526.jpg,3456,5184
bib_number,2871,2155,109,186,bib_number_1526.jpg,3456,5184
bib_number,1430,1278,374,394,bib_number_1527.jpg,3456,5184
bib_number,1358,2106,484,529,bib_number_1528.jpg,3456,5184
bib_number,1585,1722,458,551,bib_number_1529.jpg,3456,5184
bib_number,1433,2117,415,346,bib_number_1530.jpg,3456,5184
bib_number,2514,1584,272,263,bib_number_1531.jpg,5184,3456
bib_number,1428,1740,253,276,bib_number_1531.jpg,5184,3456
bib_number,843,1808,137,143,bib_number_1531.jpg,5184,3456
bib_number,1414,1547,438,469,bib_number_1532.jpg,3456,5184
bib_number,1404,1783,402,355,bib_number_1533.jpg,3456,5184
bib_number,1550,2183,334,347,bib_number_1534.jpg,3456,5184
bib_number,929,2271,256,268,bib_number_1535.jpg,3456,5184
bib_number,2639,2502,324,332,bib_number_1535.jpg,3456,5184
bib_number,1802,2076,279,296,bib_number_1535.jpg,3456,5184
bib_number,3298,2276,61,68,bib_number_1535.jpg,3456,5184
bib_number,3224,2223,56,58,bib_number_1535.jpg,3456,5184
bib_number,1196,2119,289,337,bib_number_1536.jpg,3456,5184
bib_number,2049,2162,382,320,bib_number_1536.jpg,3456,5184
bib_number,2725,2037,253,257,bib_number_1536.jpg,3456,5184
bib_number,3170,2158,168,186,bib_number_1536.jpg,3456,5184
bib_number,3421,2123,35,104,bib_number_1536.jpg,3456,5184
bib_number,1594,2249,290,284,bib_number_1537.jpg,3456,5184
bib_number,2495,2261,178,189,bib_number_1537.jpg,3456,5184
bib_number,2872,2301,128,131,bib_number_1537.jpg,3456,5184
bib_number,3342,2401,114,256,bib_number_1537.jpg,3456,5184
bib_number,1510,1688,337,321,bib_number_1538.jpg,3456,5184
bib_number,1630,1612,367,351,bib_number_1539.jpg,3456,5184
bib_number,2935,1914,203,203,bib_number_1539.jpg,3456,5184
bib_number,1486,1927,346,350,bib_number_1540.jpg,3456,5184
bib_number,1040,1707,244,298,bib_number_1540.jpg,3456,5184
bib_number,1198,1810,395,344,bib_number_1541.jpg,3456,5184
bib_number,1459,1574,350,389,bib_number_1542.jpg,3456,5184
bib_number,1388,1404,502,507,bib_number_1543.jpg,3456,5184
bib_number,1515,1997,329,336,bib_number_1544.jpg,3456,5184
bib_number,1493,2040,349,384,bib_number_1545.jpg,3456,5184
bib_number,1364,1822,378,385,bib_number_1546.jpg,3456,5184
bib_number,1228,2033,367,383,bib_number_1547.jpg,3456,5184
bib_number,1254,1761,458,421,bib_number_1548.jpg,3456,5184
bib_number,2210,2460,386,409,bib_number_1549.jpg,3456,5184
bib_number,1440,2104,329,344,bib_number_1549.jpg,3456,5184
bib_number,3072,2201,189,219,bib_number_1549.jpg,3456,5184
bib_number,1793,1772,481,398,bib_number_1550.jpg,3456,5184
bib_number,1485,1673,422,408,bib_number_1551.jpg,3456,5184
bib_number,2798,1913,374,360,bib_number_1551.jpg,3456,5184
bib_number,1662,2006,424,410,bib_number_1552.jpg,3456,5184
bib_number,1125,2111,313,316,bib_number_1552.jpg,3456,5184
bib_number,1445,1524,480,521,bib_number_1553.jpg,3456,5184
bib_number,1401,1796,544,524,bib_number_1554.jpg,3456,5184
bib_number,1395,1722,486,502,bib_number_1555.jpg,3456,5184
bib_number,1432,2067,472,479,bib_number_1556.jpg,3456,5184
bib_number,1394,1913,416,459,bib_number_1557.jpg,3456,5184
bib_number,1286,1666,394,410,bib_number_1558.jpg,3456,5184
bib_number,1373,1672,389,428,bib_number_1559.jpg,3456,5184
bib_number,1484,2009,293,289,bib_number_1560.jpg,3456,5184
bib_number,1147,2229,196,263,bib_number_1560.jpg,3456,5184
bib_number,532,2567,410,414,bib_number_1561.jpg,3456,5184
bib_number,1501,2212,477,493,bib_number_1561.jpg,3456,5184
bib_number,1344,1651,407,496,bib_number_1562.jpg,3456,5184
bib_number,1430,1480,499,521,bib_number_1563.jpg,3456,5184
bib_number,1607,1419,350,313,bib_number_1564.jpg,5184,3456
bib_number,2899,1144,327,354,bib_number_1564.jpg,5184,3456
bib_number,1598,1398,305,310,bib_number_1565.jpg,5184,3456
bib_number,2968,1205,313,346,bib_number_1565.jpg,5184,3456
bib_number,1732,2036,354,340,bib_number_1566.jpg,3456,5184
bib_number,2629,2524,356,391,bib_number_1566.jpg,3456,5184
bib_number,677,2306,292,294,bib_number_1566.jpg,3456,5184
bib_number,1272,1936,438,492,bib_number_1567.jpg,3456,5184
bib_number,3001,2022,221,259,bib_number_1567.jpg,3456,5184
bib_number,2380,1693,262,286,bib_number_1567.jpg,3456,5184
bib_number,1564,1580,427,412,bib_number_1568.jpg,3456,5184
bib_number,1599,1897,373,393,bib_number_1569.jpg,3456,5184
bib_number,900,1723,326,335,bib_number_1569.jpg,3456,5184
bib_number,1468,1442,340,373,bib_number_1570.jpg,3456,5184
bib_number,1322,1670,445,459,bib_number_1571.jpg,3456,5184
bib_number,1320,1740,433,448,bib_number_1572.jpg,3456,5184
bib_number,1177,2142,508,500,bib_number_1573.jpg,3456,5184
bib_number,966,1653,350,315,bib_number_1574.jpg,2592,3872
bib_number,638,2067,245,150,bib_number_1574.jpg,2592,3872
bib_number,986,1561,399,337,bib_number_1575.jpg,2592,3872
bib_number,334,1946,268,230,bib_number_1575.jpg,2592,3872
bib_number,1066,1564,343,322,bib_number_1576.jpg,2592,3872
bib_number,34,2254,127,109,bib_number_1576.jpg,2592,3872
bib_number,2164,1152,272,199,bib_number_1577.jpg,3456,2765
bib_number,1450,1445,57,69,bib_number_1577.jpg,3456,2765
bib_number,938,1226,111,77,bib_number_1577.jpg,3456,2765
bib_number,1719,1033,254,196,bib_number_1578.jpg,3456,2765
bib_number,2122,1229,53,116,bib_number_1578.jpg,3456,2765
bib_number,1107,1266,68,62,bib_number_1578.jpg,3456,2765
bib_number,1062,975,188,197,bib_number_1579.jpg,3000,2000
bib_number,2108,1063,107,128,bib_number_1579.jpg,3000,2000
bib_number,1409,448,132,98,bib_number_1580.jpg,1920,1280
bib_number,947,526,84,74,bib_number_1580.jpg,1920,1280
bib_number,1338,516,169,131,bib_number_1581.jpg,1920,1280
bib_number,911,521,126,103,bib_number_1581.jpg,1920,1280
bib_number,694,510,150,129,bib_number_1582.jpg,1920,1280
bib_number,1090,738,131,90,bib_number_1583.jpg,1920,1280
bib_number,896,539,99,83,bib_number_1583.jpg,1920,1280
bib_number,680,537,72,62,bib_number_1583.jpg,1920,1280
bib_number,1089,578,109,83,bib_number_1584.jpg,1920,1280
bib_number,947,506,53,67,bib_number_1584.jpg,1920,1280
bib_number,534,524,52,57,bib_number_1584.jpg,1920,1280
bib_number,884,535,97,74,bib_number_1585.jpg,1920,1280
bib_number,763,485,51,47,bib_number_1585.jpg,1920,1280
bib_number,1486,383,161,118,bib_number_1585.jpg,1920,1280
bib_number,939,475,80,64,bib_number_1586.jpg,1920,1280
bib_number,791,509,75,60,bib_number_1586.jpg,1920,1280
bib_number,487,587,59,42,bib_number_1586.jpg,1920,1280
bib_number,1230,538,153,124,bib_number_1587.jpg,1920,1280
bib_number,922,591,124,92,bib_number_1587.jpg,1920,1280
bib_number,805,597,74,34,bib_number_1587.jpg,1920,1280
bib_number,926,594,86,61,bib_number_1588.jpg,1920,1280
bib_number,328,697,43,38,bib_number_1588.jpg,1920,1280
bib_number,1431,412,145,108,bib_number_1589.jpg,1920,1280
bib_number,956,473,104,80,bib_number_1589.jpg,1920,1280
bib_number,762,529,82,65,bib_number_1589.jpg,1920,1280
bib_number,667,463,37,57,bib_number_1589.jpg,1920,1280
bib_number,482,482,73,53,bib_number_1589.jpg,1920,1280
bib_number,951,1021,144,110,bib_number_1590.jpg,2000,3008
bib_number,301,715,120,96,bib_number_1590.jpg,2000,3008
bib_number,2018,1402,230,188,bib_number_1591.jpg,4000,3000
bib_number,1892,1474,324,333,bib_number_1592.jpg,4000,3000
bib_number,1787,1934,142,163,bib_number_1592.jpg,4000,3000
bib_number,61,1503,170,109,bib_number_1592.jpg,4000,3000
bib_number,1620,1324,187,187,bib_number_1593.jpg,4000,3000
bib_number,1572,1690,502,425,bib_number_1594.jpg,3264,4928
bib_number,683,1986,229,155,bib_number_1594.jpg,3264,4928
bib_number,1614,2004,457,438,bib_number_1595.jpg,3264,4928
bib_number,1911,1327,177,133,bib_number_1596.jpg,4000,3000
bib_number,1641,1561,92,112,bib_number_1596.jpg,4000,3000
bib_number,1447,1974,328,322,bib_number_1597.jpg,3264,4928
bib_number,542,1788,220,216,bib_number_1597.jpg,3264,4928
bib_number,1315,1530,320,239,bib_number_1598.jpg,4000,3000
bib_number,2095,1433,158,134,bib_number_1598.jpg,4000,3000
bib_number,1115,1860,194,187,bib_number_1599.jpg,4000,3000
bib_number,2090,1648,200,131,bib_number_1599.jpg,4000,3000
bib_number,2409,1287,119,135,bib_number_1599.jpg,4000,3000
bib_number,2874,1358,160,123,bib_number_1599.jpg,4000,3000
bib_number,879,1805,233,273,bib_number_1600.jpg,4000,3000
bib_number,1305,1784,150,163,bib_number_1600.jpg,4000,3000
bib_number,2235,1179,206,163,bib_number_1600.jpg,4000,3000
bib_number,1887,679,97,67,bib_number_1600.jpg,4000,3000
bib_number,548,560,38,37,bib_number_1601.jpg,4000,3000
bib_number,1598,1534,201,177,bib_number_1602.jpg,4000,3000
bib_number,1509,2387,328,297,bib_number_1603.jpg,3264,4928
bib_number,937,2090,218,196,bib_number_1603.jpg,3264,4928
bib_number,486,1791,141,112,bib_number_1603.jpg,3264,4928
bib_number,1077,1931,342,332,bib_number_1604.jpg,3264,4928
bib_number,1625,2376,334,305,bib_number_1605.jpg,3264,4928
bib_number,529,1884,195,136,bib_number_1605.jpg,3264,4928
bib_number,750,1732,413,333,bib_number_1606.jpg,3264,4928
bib_number,1967,1939,424,326,bib_number_1606.jpg,3264,4928
bib_number,1191,1131,409,360,bib_number_1607.jpg,4317,2878
bib_number,2694,1479,172,140,bib_number_1607.jpg,4317,2878
bib_number,2385,1380,59,46,bib_number_1607.jpg,4317,2878
bib_number,2232,1272,54,44,bib_number_1607.jpg,4317,2878
bib_number,2415,1203,36,28,bib_number_1607.jpg,4317,2878
bib_number,608,896,205,205,bib_number_1608.jpg,1361,2048
bib_number,620,1053,211,161,bib_number_1609.jpg,1361,2048
bib_number,514,818,227,210,bib_number_1611.jpg,1361,2048
bib_number,1352,868,147,172,bib_number_1612.jpg,3008,2000
bib_number,966,762,94,88,bib_number_1612.jpg,3008,2000
bib_number,777,650,63,55,bib_number_1612.jpg,3008,2000
bib_number,2440,1998,375,189,bib_number_1613.jpg,4995,3985
bib_number,1503,1915,165,179,bib_number_1613.jpg,4995,3985
bib_number,1141,1936,406,276,bib_number_1614.jpg,2439,3978
bib_number,2706,2148,256,235,bib_number_1615.jpg,6000,4000
bib_number,1630,1989,249,167,bib_number_1616.jpg,4064,3384
bib_number,2301,2209,215,141,bib_number_1616.jpg,4064,3384
bib_number,1429,3701,458,326,bib_number_1617.jpg,4000,6000
bib_number,590,1106,145,104,bib_number_1618.jpg,1356,2047
bib_number,851,813,99,72,bib_number_1618.jpg,1356,2047
bib_number,580,910,314,250,bib_number_1619.jpg,1571,1600
bib_number,946,722,105,87,bib_number_1620.jpg,2047,1356
bib_number,1247,589,156,116,bib_number_1621.jpg,2047,1480
bib_number,550,567,134,100,bib_number_1621.jpg,2047,1480
bib_number,618,939,272,208,bib_number_1623.jpg,1435,1563
bib_number,418,1048,223,164,bib_number_1624.jpg,1889,2048
bib_number,930,919,192,168,bib_number_1624.jpg,1889,2048
bib_number,805,795,174,133,bib_number_1625.jpg,1872,2048
bib_number,423,721,157,116,bib_number_1626.jpg,2048,1544
bib_number,1469,677,115,88,bib_number_1626.jpg,2048,1544
bib_number,1395,695,60,89,bib_number_1626.jpg,2048,1544
bib_number,713,916,366,279,bib_number_1627.jpg,1621,2048
bib_number,915,674,147,111,bib_number_1628.jpg,2048,1380
bib_number,1468,497,86,66,bib_number_1628.jpg,2048,1380
bib_number,576,1154,310,233,bib_number_1629.jpg,1439,2047
bib_number,1419,1013,267,224,bib_number_1630.jpg,2896,1944
bib_number,2121,773,221,165,bib_number_1630.jpg,2896,1944
bib_number,430,812,153,117,bib_number_1631.jpg,2896,1944
bib_number,701,996,181,138,bib_number_1631.jpg,2896,1944
bib_number,1189,709,128,90,bib_number_1631.jpg,2896,1944
bib_number,1461,820,179,129,bib_number_1631.jpg,2896,1944
bib_number,1880,888,152,109,bib_number_1631.jpg,2896,1944
bib_number,2100,914,176,128,bib_number_1631.jpg,2896,1944
bib_number,2459,649,63,46,bib_number_1631.jpg,2896,1944
bib_number,2001,814,229,168,bib_number_1632.jpg,2896,1944
bib_number,1819,351,156,125,bib_number_1632.jpg,2896,1944
bib_number,599,484,194,163,bib_number_1632.jpg,2896,1944
bib_number,1007,429,62,165,bib_number_1632.jpg,2896,1944
bib_number,731,1174,272,211,bib_number_1633.jpg,2896,1944
bib_number,1625,1013,209,168,bib_number_1633.jpg,2896,1944
bib_number,2392,669,141,82,bib_number_1633.jpg,2896,1944
bib_number,2799,742,92,71,bib_number_1633.jpg,2896,1944
bib_number,418,885,238,168,bib_number_1634.jpg,2896,1944
bib_number,928,736,173,134,bib_number_1634.jpg,2896,1944
bib_number,1358,573,163,124,bib_number_1634.jpg,2896,1944
bib_number,1611,697,87,112,bib_number_1634.jpg,2896,1944
bib_number,2056,725,109,77,bib_number_1634.jpg,2896,1944
bib_number,1709,688,95,70,bib_number_1634.jpg,2896,1944
bib_number,2210,751,23,31,bib_number_1634.jpg,2896,1944
bib_number,563,785,156,107,bib_number_1635.jpg,2896,1944
bib_number,789,697,146,114,bib_number_1635.jpg,2896,1944
bib_number,1839,744,207,168,bib_number_1635.jpg,2896,1944
bib_number,2163,906,173,136,bib_number_1636.jpg,2896,1944
bib_number,1404,766,128,96,bib_number_1636.jpg,2896,1944
bib_number,941,776,125,78,bib_number_1636.jpg,2896,1944
bib_number,771,565,146,146,bib_number_1636.jpg,2896,1944
bib_number,496,646,110,89,bib_number_1636.jpg,2896,1944
bib_number,414,745,63,60,bib_number_1636.jpg,2896,1944
bib_number,281,794,71,66,bib_number_1636.jpg,2896,1944
bib_number,103,653,88,70,bib_number_1636.jpg,2896,1944
bib_number,201,772,33,38,bib_number_1636.jpg,2896,1944
bib_number,158,883,27,37,bib_number_1636.jpg,2896,1944
bib_number,1428,890,97,89,bib_number_1637.jpg,2896,1944
bib_number,981,820,130,107,bib_number_1637.jpg,2896,1944
bib_number,561,819,82,61,bib_number_1637.jpg,2896,1944
bib_number,419,776,64,57,bib_number_1637.jpg,2896,1944
bib_number,158,788,63,46,bib_number_1637.jpg,2896,1944
bib_number,253,750,34,39,bib_number_1637.jpg,2896,1944
bib_number,76,804,29,40,bib_number_1637.jpg,2896,1944
bib_number,950,625,119,88,bib_number_1638.jpg,2047,1356
bib_number,704,1052,402,294,bib_number_1639.jpg,1859,2048
bib_number,112,634,61,76,bib_number_1640.jpg,2047,1356
bib_number,330,563,158,103,bib_number_1640.jpg,2047,1356
bib_number,1000,776,136,105,bib_number_1640.jpg,2047,1356
bib_number,1762,572,94,72,bib_number_1640.jpg,2047,1356
bib_number,1461,526,83,70,bib_number_1640.jpg,2047,1356
bib_number,1070,476,121,84,bib_number_1641.jpg,2048,1259
bib_number,1392,546,96,75,bib_number_1641.jpg,2048,1259
bib_number,840,560,42,72,bib_number_1641.jpg,2048,1259
bib_number,543,1176,313,228,bib_number_1642.jpg,1532,2048
bib_number,984,744,108,82,bib_number_1643.jpg,2047,1356
bib_number,1557,800,41,35,bib_number_1643.jpg,2047,1356
bib_number,962,625,110,84,bib_number_1644.jpg,2047,1356
bib_number,744,596,160,123,bib_number_1645.jpg,1807,2048
bib_number,734,724,95,69,bib_number_1646.jpg,2047,1356
bib_number,304,1101,265,208,bib_number_1647.jpg,2048,1768
bib_number,814,1004,181,142,bib_number_1648.jpg,1715,2048
bib_number,3511,1644,276,217,bib_number_1649.jpg,5472,3648
bib_number,3694,1816,324,274,bib_number_1650.jpg,5472,3648
bib_number,5223,1998,106,78,bib_number_1650.jpg,5472,3648
bib_number,3676,1759,254,202,bib_number_1651.jpg,5472,3648
bib_number,3667,1922,293,216,bib_number_1652.jpg,5472,3648
bib_number,3544,2133,238,187,bib_number_1653.jpg,5472,3648
bib_number,4867,1795,259,222,bib_number_1653.jpg,5472,3648
bib_number,3529,1928,330,237,bib_number_1654.jpg,5472,3648
bib_number,985,716,126,95,bib_number_1655.jpg,2047,1356
bib_number,623,991,151,115,bib_number_1656.jpg,1356,2047
bib_number,952,573,100,97,bib_number_1657.jpg,2047,1356
bib_number,897,909,164,114,bib_number_1658.jpg,2047,1356
bib_number,616,1114,252,289,bib_number_1659.jpg,1616,2048
bib_number,3216,1658,274,202,bib_number_1660.jpg,5472,3648
bib_number,4901,1791,137,106,bib_number_1660.jpg,5472,3648
bib_number,2465,1938,198,134,bib_number_1661.jpg,5472,3648
bib_number,3417,2039,223,165,bib_number_1661.jpg,5472,3648
bib_number,3657,1770,321,248,bib_number_1662.jpg,5472,3648
bib_number,3617,1694,312,247,bib_number_1663.jpg,5472,3648
bib_number,661,783,202,146,bib_number_1664.jpg,1712,2048
bib_number,61,788,197,164,bib_number_1665.jpg,2047,1356
bib_number,1059,937,178,120,bib_number_1665.jpg,2047,1356
bib_number,1444,824,154,105,bib_number_1665.jpg,2047,1356
bib_number,1069,1036,217,169,bib_number_1666.jpg,2500,1667
bib_number,1796,579,37,25,bib_number_1666.jpg,2500,1667
bib_number,670,926,57,73,bib_number_1666.jpg,2500,1667
bib_number,860,1069,360,238,bib_number_1667.jpg,2500,1667
bib_number,777,1323,310,235,bib_number_1668.jpg,2500,1667
bib_number,1754,554,194,135,bib_number_1668.jpg,2500,1667
bib_number,748,861,260,198,bib_number_1669.jpg,2500,1667
bib_number,856,1288,483,304,bib_number_1670.jpg,2500,1667
bib_number,663,566,137,115,bib_number_1671.jpg,2500,1667
bib_number,1341,617,123,100,bib_number_1672.jpg,2500,1667
bib_number,1947,466,23,21,bib_number_1672.jpg,2500,1667
bib_number,2260,477,25,13,bib_number_1672.jpg,2500,1667
bib_number,1193,928,182,151,bib_number_1673.jpg,2896,1944
bib_number,1628,637,148,97,bib_number_1673.jpg,2896,1944
bib_number,2056,833,146,124,bib_number_1673.jpg,2896,1944
bib_number,2386,775,80,102,bib_number_1673.jpg,2896,1944
bib_number,2847,715,49,34,bib_number_1673.jpg,2896,1944
bib_number,1156,1183,258,190,bib_number_1674.jpg,2896,1944
bib_number,960,894,156,126,bib_number_1674.jpg,2896,1944
bib_number,2238,770,95,92,bib_number_1674.jpg,2896,1944
bib_number,2539,838,97,73,bib_number_1674.jpg,2896,1944
bib_number,717,851,173,165,bib_number_1675.jpg,2896,1944
bib_number,1458,994,160,165,bib_number_1675.jpg,2896,1944
bib_number,2269,858,163,122,bib_number_1675.jpg,2896,1944
bib_number,1025,1074,173,175,bib_number_1676.jpg,2896,1944
bib_number,1421,914,168,151,bib_number_1676.jpg,2896,1944
bib_number,1866,977,136,97,bib_number_1676.jpg,2896,1944
bib_number,2750,982,95,83,bib_number_1676.jpg,2896,1944
bib_number,1939,756,228,165,bib_number_1677.jpg,2896,1944
bib_number,2848,926,48,100,bib_number_1677.jpg,2896,1944
bib_number,1511,814,270,187,bib_number_1678.jpg,2896,1944
bib_number,2753,583,143,168,bib_number_1678.jpg,2896,1944
bib_number,821,916,187,151,bib_number_1679.jpg,2896,1944
bib_number,1859,729,177,163,bib_number_1679.jpg,2896,1944
bib_number,2454,731,153,107,bib_number_1679.jpg,2896,1944
bib_number,2392,699,69,61,bib_number_1680.jpg,2896,1944
bib_number,2005,906,163,106,bib_number_1680.jpg,2896,1944
bib_number,1619,759,127,90,bib_number_1680.jpg,2896,1944
bib_number,1454,646,66,83,bib_number_1680.jpg,2896,1944
bib_number,1236,729,168,127,bib_number_1680.jpg,2896,1944
bib_number,1012,830,139,106,bib_number_1680.jpg,2896,1944
bib_number,616,750,149,101,bib_number_1680.jpg,2896,1944
bib_number,2667,655,39,29,bib_number_1680.jpg,2896,1944
bib_number,549,846,304,211,bib_number_1681.jpg,2896,1944
bib_number,1331,802,226,170,bib_number_1681.jpg,2896,1944
bib_number,2303,821,136,138,bib_number_1681.jpg,2896,1944
bib_number,382,661,75,76,bib_number_1682.jpg,852,1280
bib_number,402,449,106,104,bib_number_1683.jpg,852,1280
bib_number,1604,991,245,180,bib_number_1684.jpg,2896,1944
bib_number,896,957,287,309,bib_number_1685.jpg,2896,1944
bib_number,1851,629,197,136,bib_number_1685.jpg,2896,1944
bib_number,2306,751,204,185,bib_number_1685.jpg,2896,1944
bib_number,770,792,185,160,bib_number_1686.jpg,2896,1944
bib_number,1217,690,158,114,bib_number_1686.jpg,2896,1944
bib_number,1667,1013,160,180,bib_number_1686.jpg,2896,1944
bib_number,2170,785,80,68,bib_number_1686.jpg,2896,1944
bib_number,2323,863,87,53,bib_number_1686.jpg,2896,1944
bib_number,2546,831,68,56,bib_number_1686.jpg,2896,1944
bib_number,1732,777,157,138,bib_number_1687.jpg,1920,1312
bib_number,268,435,95,82,bib_number_1687.jpg,1920,1312
bib_number,3089,1741,217,194,bib_number_1688.jpg,5472,3648
bib_number,4246,1801,208,168,bib_number_1688.jpg,5472,3648
bib_number,1994,1910,228,225,bib_number_1689.jpg,5472,3648
bib_number,3838,1667,312,251,bib_number_1689.jpg,5472,3648
bib_number,3528,2067,301,236,bib_number_1690.jpg,5472,3648
bib_number,3420,2403,251,233,bib_number_1691.jpg,5472,3648
bib_number,3570,1952,315,237,bib_number_1692.jpg,5472,3648
bib_number,923,538,101,91,bib_number_1693.jpg,1920,1280
bib_number,422,509,90,77,bib_number_1693.jpg,1920,1280
bib_number,0,443,37,69,bib_number_1693.jpg,1920,1280
bib_number,1779,795,141,117,bib_number_1694.jpg,1920,1280
bib_number,950,645,101,101,bib_number_1694.jpg,1920,1280
bib_number,427,504,90,80,bib_number_1694.jpg,1920,1280
bib_number,742,700,333,223,bib_number_1695.jpg,2500,1667
bib_number,555,662,204,111,bib_number_1696.jpg,2500,1667
bib_number,490,641,214,113,bib_number_1697.jpg,2500,1667
bib_number,375,1044,438,200,bib_number_1698.jpg,2500,1667
bib_number,850,1027,473,321,bib_number_1699.jpg,2500,1667
bib_number,771,743,176,120,bib_number_1700.jpg,2500,1667
bib_number,676,439,60,50,bib_number_1701.jpg,1500,1001
bib_number,476,474,63,48,bib_number_1702.jpg,1500,1001
bib_number,646,484,89,63,bib_number_1703.jpg,1500,1001
bib_number,219,434,79,39,bib_number_1704.jpg,1500,1001
bib_number,3583,1757,284,221,bib_number_1705.jpg,5472,3648
bib_number,3404,1796,205,166,bib_number_1706.jpg,5472,3648
bib_number,3683,1965,250,226,bib_number_1707.jpg,5472,3648
bib_number,2903,1939,313,259,bib_number_1708.jpg,5472,3648
bib_number,3567,2002,298,238,bib_number_1709.jpg,5472,3648
bib_number,354,1460,244,203,bib_number_1710.jpg,5472,3648
bib_number,2185,2015,140,116,bib_number_1710.jpg,5472,3648
bib_number,2655,2417,117,76,bib_number_1710.jpg,5472,3648
bib_number,2787,2393,83,72,bib_number_1710.jpg,5472,3648
bib_number,2997,2320,171,157,bib_number_1710.jpg,5472,3648
bib_number,3263,2369,60,111,bib_number_1710.jpg,5472,3648
bib_number,3370,2617,46,43,bib_number_1710.jpg,5472,3648
bib_number,3446,2426,72,60,bib_number_1710.jpg,5472,3648
bib_number,3716,2558,140,95,bib_number_1710.jpg,5472,3648
bib_number,2827,2644,37,33,bib_number_1710.jpg,5472,3648
bib_number,2969,2640,26,22,bib_number_1710.jpg,5472,3648
bib_number,3198,2679,16,26,bib_number_1710.jpg,5472,3648
bib_number,1892,2046,171,139,bib_number_1711.jpg,5472,3648
bib_number,2447,2052,177,150,bib_number_1711.jpg,5472,3648
bib_number,3063,2143,169,122,bib_number_1711.jpg,5472,3648
bib_number,2761,2347,34,26,bib_number_1711.jpg,5472,3648
bib_number,2865,2407,29,28,bib_number_1711.jpg,5472,3648
bib_number,2949,2363,29,18,bib_number_1711.jpg,5472,3648
bib_number,3136,2469,439,311,bib_number_1712.jpg,5472,3648
bib_number,2771,2234,216,166,bib_number_1714.jpg,5472,3648
bib_number,224,1465,245,226,bib_number_1714.jpg,5472,3648
bib_number,1059,1729,209,220,bib_number_1714.jpg,5472,3648
bib_number,1563,1720,234,203,bib_number_1714.jpg,5472,3648
bib_number,1946,1832,50,48,bib_number_1714.jpg,5472,3648
bib_number,3871,2579,105,74,bib_number_1714.jpg,5472,3648
bib_number,3542,2441,124,82,bib_number_1714.jpg,5472,3648
bib_number,3456,2469,39,80,bib_number_1714.jpg,5472,3648
bib_number,3253,2534,77,56,bib_number_1714.jpg,5472,3648
bib_number,3200,2618,36,29,bib_number_1714.jpg,5472,3648
bib_number,3089,2493,42,48,bib_number_1714.jpg,5472,3648
bib_number,3152,2668,33,22,bib_number_1714.jpg,5472,3648
bib_number,1229,2004,249,209,bib_number_1715.jpg,5472,3648
bib_number,1448,1961,134,142,bib_number_1715.jpg,5472,3648
bib_number,1903,2304,234,141,bib_number_1715.jpg,5472,3648
bib_number,2470,2145,165,115,bib_number_1715.jpg,5472,3648
bib_number,2770,2575,58,42,bib_number_1715.jpg,5472,3648
bib_number,3328,2495,75,68,bib_number_1715.jpg,5472,3648
bib_number,3150,2460,63,47,bib_number_1715.jpg,5472,3648
bib_number,2938,2288,125,105,bib_number_1715.jpg,5472,3648
bib_number,2854,2630,13,23,bib_number_1715.jpg,5472,3648
bib_number,1909,1767,171,135,bib_number_1716.jpg,5472,3648
bib_number,3109,2239,50,47,bib_number_1716.jpg,5472,3648
bib_number,3248,2323,36,27,bib_number_1716.jpg,5472,3648
bib_number,3332,2296,56,37,bib_number_1716.jpg,5472,3648
bib_number,3497,2329,53,41,bib_number_1716.jpg,5472,3648
bib_number,3141,1616,319,239,bib_number_1717.jpg,5472,3648
bib_number,4548,1731,177,133,bib_number_1717.jpg,5472,3648
bib_number,3683,1861,256,221,bib_number_1718.jpg,5472,3648
bib_number,5238,1657,53,37,bib_number_1718.jpg,5472,3648
bib_number,3377,1952,301,233,bib_number_1719.jpg,5472,3648
bib_number,3428,1977,268,188,bib_number_1720.jpg,5472,3648
bib_number,900,1075,194,156,bib_number_1721.jpg,2500,1667
bib_number,1650,1034,167,129,bib_number_1721.jpg,2500,1667
bib_number,952,925,244,177,bib_number_1722.jpg,2500,1667
bib_number,779,808,194,179,bib_number_1723.jpg,2500,1667
bib_number,939,775,102,72,bib_number_1724.jpg,2500,1667
bib_number,1520,643,102,82,bib_number_1724.jpg,2500,1667
bib_number,756,555,164,92,bib_number_1725.jpg,2500,1667
bib_number,852,681,195,174,bib_number_1726.jpg,2500,1667
bib_number,902,923,363,244,bib_number_1727.jpg,2500,1667
bib_number,3420,1765,242,192,bib_number_1728.jpg,5472,3648
bib_number,4251,1715,194,147,bib_number_1728.jpg,5472,3648
bib_number,3535,2163,252,211,bib_number_1729.jpg,5472,3648
bib_number,4672,1811,133,99,bib_number_1729.jpg,5472,3648
bib_number,3428,2149,314,270,bib_number_1730.jpg,5472,3648
bib_number,3529,1833,365,278,bib_number_1731.jpg,5472,3648
bib_number,865,1931,181,144,bib_number_1732.jpg,5472,3648
bib_number,1363,1761,209,170,bib_number_1732.jpg,5472,3648
bib_number,1936,2162,140,112,bib_number_1732.jpg,5472,3648
bib_number,2640,2038,144,133,bib_number_1732.jpg,5472,3648
bib_number,2799,2363,75,61,bib_number_1732.jpg,5472,3648
bib_number,2977,2448,89,36,bib_number_1732.jpg,5472,3648
bib_number,2899,2504,51,55,bib_number_1732.jpg,5472,3648
bib_number,3163,2489,29,48,bib_number_1732.jpg,5472,3648
bib_number,2512,2568,18,21,bib_number_1732.jpg,5472,3648
bib_number,2472,2635,21,19,bib_number_1732.jpg,5472,3648
bib_number,2543,2414,42,56,bib_number_1732.jpg,5472,3648
bib_number,3451,1928,298,249,bib_number_1733.jpg,5472,3648
bib_number,608,693,167,119,bib_number_1734.jpg,2500,1667
bib_number,810,1184,310,285,bib_number_1735.jpg,2500,1667
bib_number,1979,606,202,142,bib_number_1735.jpg,2500,1667
bib_number,767,924,260,168,bib_number_1736.jpg,2500,1667
bib_number,686,554,144,131,bib_number_1737.jpg,2500,1667
bib_number,740,617,165,98,bib_number_1738.jpg,2500,1667
bib_number,802,693,201,166,bib_number_1739.jpg,2500,1667
bib_number,832,797,229,173,bib_number_1740.jpg,2500,1667
bib_number,962,900,150,114,bib_number_1741.jpg,2048,1365
bib_number,1816,1516,268,183,bib_number_1742.jpg,3763,2633
bib_number,2381,1756,170,135,bib_number_1742.jpg,3763,2633
bib_number,3179,1201,466,327,bib_number_1742.jpg,3763,2633
bib_number,996,648,148,113,bib_number_1743.jpg,2500,1667
bib_number,295,788,81,72,bib_number_1743.jpg,2500,1667
bib_number,1749,429,33,27,bib_number_1743.jpg,2500,1667
bib_number,1540,445,35,27,bib_number_1743.jpg,2500,1667
bib_number,1456,405,26,20,bib_number_1743.jpg,2500,1667
bib_number,628,664,162,120,bib_number_1744.jpg,2500,1667
bib_number,714,1067,340,267,bib_number_1745.jpg,2500,1667
bib_number,754,1204,360,267,bib_number_1746.jpg,2500,1667
bib_number,708,1142,365,269,bib_number_1747.jpg,2500,1667
bib_number,714,822,200,173,bib_number_1748.jpg,2500,1667
bib_number,789,623,172,144,bib_number_1749.jpg,2500,1667
bib_number,771,1188,365,367,bib_number_1750.jpg,2500,1667
bib_number,890,1221,400,310,bib_number_1751.jpg,2500,1667
bib_number,407,567,71,71,bib_number_1752.jpg,852,1280
bib_number,501,511,21,29,bib_number_1752.jpg,852,1280
bib_number,553,773,104,92,bib_number_1753.jpg,1001,1500
bib_number,509,919,1,0,bib_number_1753.jpg,1001,1500
bib_number,362,748,62,66,bib_number_1755.jpg,852,1280
bib_number,1719,1425,531,371,bib_number_1756.jpg,2994,2062
bib_number,2670,1090,229,160,bib_number_1756.jpg,2994,2062
bib_number,1843,1145,220,158,bib_number_1757.jpg,3149,2295