,name,x_min,y_min,x_max,y_max,class,score
0,F:\Datasets\TFMTestRemake\CropSegInputBottom\0_Ayagaures_frame_18_45_40_000.jpg,16,112,64,160,dorsal,99
1,F:\Datasets\TFMTestRemake\CropSegInputBottom\1002_Arucas_frame_01_46_54_000.jpg,64,160,128,208,dorsal,99
2,F:\Datasets\TFMTestRemake\CropSegInputBottom\1005_Arucas_frame_01_46_54_000.jpg,48,720,96,752,dorsal,72
3,F:\Datasets\TFMTestRemake\CropSegInputBottom\1008_PresaDeHornos_frame_10_05_38_000.jpg,16,112,48,160,dorsal,99
4,F:\Datasets\TFMTestRemake\CropSegInputBottom\1009_ParqueSur_frame_17_34_00_000.jpg,128,256,192,320,dorsal,99
5,F:\Datasets\TFMTestRemake\CropSegInputBottom\1009_ParqueSur_frame_17_34_00_000.jpg,112,432,176,480,dorsal,90
6,F:\Datasets\TFMTestRemake\CropSegInputBottom\1012_Arucas_frame_01_51_05_000.jpg,64,320,192,432,dorsal,99
7,F:\Datasets\TFMTestRemake\CropSegInputBottom\1013_Arucas_frame_01_51_05_000.jpg,48,240,144,320,dorsal,99
8,F:\Datasets\TFMTestRemake\CropSegInputBottom\1014_ParqueSur_frame_15_44_33_000.jpg,16,144,48,176,dorsal,99
9,F:\Datasets\TFMTestRemake\CropSegInputBottom\1015_ParqueSur_frame_15_44_33_000.jpg,32,80,80,112,dorsal,99
10,F:\Datasets\TFMTestRemake\CropSegInputBottom\1018_Arucas_frame_01_40_44_000.jpg,224,176,272,224,dorsal,98
11,F:\Datasets\TFMTestRemake\CropSegInputBottom\1018_Arucas_frame_01_40_44_000.jpg,96,288,192,384,dorsal,98
12,F:\Datasets\TFMTestRemake\CropSegInputBottom\1018_Arucas_frame_01_40_44_000.jpg,256,368,272,400,dorsal,75
13,F:\Datasets\TFMTestRemake\CropSegInputBottom\1020_ParqueSur_frame_15_04_54_000.jpg,64,112,112,144,dorsal,99
14,F:\Datasets\TFMTestRemake\CropSegInputBottom\1021_ParqueSur_frame_15_04_54_000.jpg,80,160,128,208,dorsal,95
15,F:\Datasets\TFMTestRemake\CropSegInputBottom\1023_Arucas_frame_01_20_44_000.jpg,112,80,176,128,dorsal,92
16,F:\Datasets\TFMTestRemake\CropSegInputBottom\1025_Arucas_frame_01_20_44_000.jpg,160,416,288,528,dorsal,99
17,F:\Datasets\TFMTestRemake\CropSegInputBottom\1025_Arucas_frame_01_20_44_000.jpg,272,384,304,416,dorsal,79
18,F:\Datasets\TFMTestRemake\CropSegInputBottom\1028_Arucas_frame_01_39_50_000.jpg,48,224,96,256,dorsal,96
19,F:\Datasets\TFMTestRemake\CropSegInputBottom\1031_Arucas_frame_01_32_49_000.jpg,32,128,96,176,dorsal,99
20,F:\Datasets\TFMTestRemake\CropSegInputBottom\1032_Arucas_frame_01_32_49_000.jpg,32,144,80,176,dorsal,97
21,F:\Datasets\TFMTestRemake\CropSegInputBottom\1033_Arucas_frame_01_32_49_000.jpg,48,688,96,720,dorsal,97
22,F:\Datasets\TFMTestRemake\CropSegInputBottom\1035_Arucas_frame_01_32_49_000.jpg,32,208,80,256,dorsal,93
23,F:\Datasets\TFMTestRemake\CropSegInputBottom\1037_Arucas_frame_01_42_53_000.jpg,-16,64,80,160,dorsal,98
24,F:\Datasets\TFMTestRemake\CropSegInputBottom\1039_Arucas_frame_01_47_04_000.jpg,64,656,128,704,dorsal,85
25,F:\Datasets\TFMTestRemake\CropSegInputBottom\103_Ayagaures_frame_16_18_41_000.jpg,32,80,80,112,dorsal,89
26,F:\Datasets\TFMTestRemake\CropSegInputBottom\1040_Arucas_frame_01_47_04_000.jpg,32,128,80,160,dorsal,99
27,F:\Datasets\TFMTestRemake\CropSegInputBottom\1044_Arucas_frame_01_16_46_000.jpg,64,128,112,160,dorsal,91
28,F:\Datasets\TFMTestRemake\CropSegInputBottom\1047_Arucas_frame_01_16_46_000.jpg,16,48,48,80,dorsal,99
29,F:\Datasets\TFMTestRemake\CropSegInputBottom\1049_Arucas_frame_01_38_57_000.jpg,112,176,176,240,dorsal,83
30,F:\Datasets\TFMTestRemake\CropSegInputBottom\1050_Arucas_frame_01_38_57_000.jpg,96,400,256,496,dorsal,97
31,F:\Datasets\TFMTestRemake\CropSegInputBottom\1050_Arucas_frame_01_38_57_000.jpg,16,400,64,432,dorsal,74
32,F:\Datasets\TFMTestRemake\CropSegInputBottom\1050_Arucas_frame_01_38_57_000.jpg,48,208,96,256,dorsal,71
33,F:\Datasets\TFMTestRemake\CropSegInputBottom\1052_Arucas_frame_01_38_57_000.jpg,80,224,176,304,dorsal,99
34,F:\Datasets\TFMTestRemake\CropSegInputBottom\1053_ParqueSur_frame_16_33_16_000.jpg,32,96,80,128,dorsal,96
35,F:\Datasets\TFMTestRemake\CropSegInputBottom\1056_Arucas_frame_01_39_30_000.jpg,80,240,160,304,dorsal,99
36,F:\Datasets\TFMTestRemake\CropSegInputBottom\105_Arucas_frame_01_28_06_000.jpg,112,304,144,352,dorsal,85
37,F:\Datasets\TFMTestRemake\CropSegInputBottom\1061_Arucas_frame_01_18_37_000.jpg,112,288,176,352,dorsal,99
38,F:\Datasets\TFMTestRemake\CropSegInputBottom\1066_Arucas_frame_01_40_42_000.jpg,48,144,112,208,dorsal,99
39,F:\Datasets\TFMTestRemake\CropSegInputBottom\1069_PresaDeHornos_frame_11_04_16_000.jpg,48,112,96,144,dorsal,99
40,F:\Datasets\TFMTestRemake\CropSegInputBottom\1070_PresaDeHornos_frame_10_24_58_000.jpg,32,96,80,128,dorsal,99
41,F:\Datasets\TFMTestRemake\CropSegInputBottom\1072_Arucas_frame_01_33_57_000.jpg,64,352,224,480,dorsal,99
42,F:\Datasets\TFMTestRemake\CropSegInputBottom\1072_Arucas_frame_01_33_57_000.jpg,0,256,32,288,dorsal,75
43,F:\Datasets\TFMTestRemake\CropSegInputBottom\1074_Arucas_frame_01_33_57_000.jpg,112,624,176,672,dorsal,86
44,F:\Datasets\TFMTestRemake\CropSegInputBottom\1075_Arucas_frame_01_29_13_000.jpg,64,144,128,192,dorsal,97
45,F:\Datasets\TFMTestRemake\CropSegInputBottom\1083_Teror_frame_02_20_52_000.jpg,32,160,96,208,dorsal,99
46,F:\Datasets\TFMTestRemake\CropSegInputBottom\1087_Teror_frame_03_01_59_000.jpg,112,256,192,336,dorsal,99
47,F:\Datasets\TFMTestRemake\CropSegInputBottom\108_Arucas_frame_01_28_06_000.jpg,112,96,144,128,dorsal,96
48,F:\Datasets\TFMTestRemake\CropSegInputBottom\1091_Teror_frame_02_48_12_000.jpg,192,288,256,352,dorsal,99
49,F:\Datasets\TFMTestRemake\CropSegInputBottom\1092_Teror_frame_02_48_12_000.jpg,0,368,112,480,dorsal,97
50,F:\Datasets\TFMTestRemake\CropSegInputBottom\1094_Teror_frame_01_30_58_000.jpg,16,128,96,192,dorsal,99
51,F:\Datasets\TFMTestRemake\CropSegInputBottom\1097_Teror_frame_02_33_22_000.jpg,32,128,80,176,dorsal,99
52,F:\Datasets\TFMTestRemake\CropSegInputBottom\1098_Teror_frame_02_33_22_000.jpg,64,208,128,272,dorsal,99
53,F:\Datasets\TFMTestRemake\CropSegInputBottom\109_Arucas_frame_01_28_06_000.jpg,16,96,48,128,dorsal,98
54,F:\Datasets\TFMTestRemake\CropSegInputBottom\1102_Teror_frame_01_45_40_000.jpg,32,96,80,128,dorsal,99
55,F:\Datasets\TFMTestRemake\CropSegInputBottom\1102_Teror_frame_01_45_40_000.jpg,0,80,16,112,dorsal,74
56,F:\Datasets\TFMTestRemake\CropSegInputBottom\1107_Teror_frame_02_20_56_000.jpg,16,112,64,144,dorsal,99
57,F:\Datasets\TFMTestRemake\CropSegInputBottom\110_Arucas_frame_01_29_58_000.jpg,128,304,224,384,dorsal,99
58,F:\Datasets\TFMTestRemake\CropSegInputBottom\1110_PresaDeHornos_frame_11_58_43_000.jpg,32,112,80,144,dorsal,99
59,F:\Datasets\TFMTestRemake\CropSegInputBottom\1111_PresaDeHornos_frame_11_58_43_000.jpg,48,96,80,128,dorsal,98
60,F:\Datasets\TFMTestRemake\CropSegInputBottom\1112_PresaDeHornos_frame_11_58_43_000.jpg,48,64,80,96,dorsal,90
61,F:\Datasets\TFMTestRemake\CropSegInputBottom\1116_Teror_frame_02_06_48_000.jpg,96,352,192,432,dorsal,99
62,F:\Datasets\TFMTestRemake\CropSegInputBottom\1118_Teror_frame_03_15_08_000.jpg,48,128,128,176,dorsal,98
63,F:\Datasets\TFMTestRemake\CropSegInputBottom\1121_Teror_frame_02_08_39_000.jpg,80,336,208,432,dorsal,99
64,F:\Datasets\TFMTestRemake\CropSegInputBottom\1121_Teror_frame_02_08_39_000.jpg,128,256,208,320,dorsal,89
65,F:\Datasets\TFMTestRemake\CropSegInputBottom\1122_Teror_frame_03_06_16_000.jpg,32,128,80,176,dorsal,99
66,F:\Datasets\TFMTestRemake\CropSegInputBottom\1123_Teror_frame_03_06_16_000.jpg,48,128,80,176,dorsal,99
67,F:\Datasets\TFMTestRemake\CropSegInputBottom\1124_Teror_frame_02_22_52_000.jpg,64,240,128,304,dorsal,99
68,F:\Datasets\TFMTestRemake\CropSegInputBottom\1124_Teror_frame_02_22_52_000.jpg,112,176,144,208,dorsal,87
69,F:\Datasets\TFMTestRemake\CropSegInputBottom\1124_Teror_frame_02_22_52_000.jpg,64,32,112,64,dorsal,72
70,F:\Datasets\TFMTestRemake\CropSegInputBottom\1127_Teror_frame_02_59_53_000.jpg,32,160,96,208,dorsal,99
71,F:\Datasets\TFMTestRemake\CropSegInputBottom\1128_Teror_frame_03_22_05_000.jpg,16,336,112,432,dorsal,98
72,F:\Datasets\TFMTestRemake\CropSegInputBottom\1128_Teror_frame_03_22_05_000.jpg,16,256,48,272,dorsal,72
73,F:\Datasets\TFMTestRemake\CropSegInputBottom\1129_Teror_frame_01_50_16_000.jpg,32,128,80,160,dorsal,98
74,F:\Datasets\TFMTestRemake\CropSegInputBottom\1132_PresaDeHornos_frame_13_28_15_000.jpg,96,192,160,256,dorsal,99
75,F:\Datasets\TFMTestRemake\CropSegInputBottom\1134_Teror_frame_02_21_06_000.jpg,16,192,80,240,dorsal,99
76,F:\Datasets\TFMTestRemake\CropSegInputBottom\1135_Teror_frame_02_21_06_000.jpg,0,96,16,128,dorsal,94
77,F:\Datasets\TFMTestRemake\CropSegInputBottom\1136_PresaDeHornos_frame_12_36_57_000.jpg,48,128,96,160,dorsal,99
78,F:\Datasets\TFMTestRemake\CropSegInputBottom\1138_Teror_frame_02_37_14_000.jpg,32,192,112,256,dorsal,99
79,F:\Datasets\TFMTestRemake\CropSegInputBottom\1139_Teror_frame_02_37_14_000.jpg,16,240,112,336,dorsal,98
80,F:\Datasets\TFMTestRemake\CropSegInputBottom\1143_Teror_frame_03_02_30_000.jpg,48,144,96,176,dorsal,97
81,F:\Datasets\TFMTestRemake\CropSegInputBottom\1144_Teror_frame_03_23_52_000.jpg,48,160,112,224,dorsal,99
82,F:\Datasets\TFMTestRemake\CropSegInputBottom\1145_PresaDeHornos_frame_12_58_41_000.jpg,32,96,80,128,dorsal,99
83,F:\Datasets\TFMTestRemake\CropSegInputBottom\1146_PresaDeHornos_frame_11_36_46_000.jpg,64,112,112,144,dorsal,97
84,F:\Datasets\TFMTestRemake\CropSegInputBottom\1148_PresaDeHornos_frame_12_55_13_000.jpg,48,160,112,208,dorsal,99
85,F:\Datasets\TFMTestRemake\CropSegInputBottom\114_Arucas_frame_01_44_47_000.jpg,144,240,288,352,dorsal,99
86,F:\Datasets\TFMTestRemake\CropSegInputBottom\1150_PresaDeHornos_frame_12_39_20_000.jpg,48,128,112,176,dorsal,99
87,F:\Datasets\TFMTestRemake\CropSegInputBottom\1151_PresaDeHornos_frame_12_39_20_000.jpg,48,80,80,112,dorsal,99
88,F:\Datasets\TFMTestRemake\CropSegInputBottom\1153_PresaDeHornos_frame_13_40_41_000.jpg,48,176,96,224,dorsal,99
89,F:\Datasets\TFMTestRemake\CropSegInputBottom\1155_PresaDeHornos_frame_13_40_41_000.jpg,16,48,32,64,dorsal,90
90,F:\Datasets\TFMTestRemake\CropSegInputBottom\115_Arucas_frame_01_44_47_000.jpg,16,176,80,240,dorsal,99
91,F:\Datasets\TFMTestRemake\CropSegInputBottom\1162_Teror_frame_03_02_12_000.jpg,0,192,48,240,dorsal,98
92,F:\Datasets\TFMTestRemake\CropSegInputBottom\1166_Teror_frame_02_14_38_000.jpg,0,288,48,320,dorsal,94
93,F:\Datasets\TFMTestRemake\CropSegInputBottom\1170_Teror_frame_02_58_27_000.jpg,48,128,96,160,dorsal,99
94,F:\Datasets\TFMTestRemake\CropSegInputBottom\1174_Teror_frame_02_39_30_000.jpg,48,176,96,208,dorsal,99
95,F:\Datasets\TFMTestRemake\CropSegInputBottom\1177_PresaDeHornos_frame_12_58_43_000.jpg,48,160,112,208,dorsal,98
96,F:\Datasets\TFMTestRemake\CropSegInputBottom\1178_Teror_frame_02_04_06_000.jpg,16,144,64,176,dorsal,99
97,F:\Datasets\TFMTestRemake\CropSegInputBottom\1180_PresaDeHornos_frame_11_15_45_000.jpg,96,112,144,160,dorsal,99
98,F:\Datasets\TFMTestRemake\CropSegInputBottom\1183_Teror_frame_02_39_31_000.jpg,80,256,160,320,dorsal,98
99,F:\Datasets\TFMTestRemake\CropSegInputBottom\1185_Teror_frame_03_06_36_000.jpg,192,272,304,352,dorsal,98
100,F:\Datasets\TFMTestRemake\CropSegInputBottom\1188_Teror_frame_02_15_11_000.jpg,48,80,96,112,dorsal,99
101,F:\Datasets\TFMTestRemake\CropSegInputBottom\1189_Teror_frame_02_15_11_000.jpg,32,160,112,240,dorsal,99
102,F:\Datasets\TFMTestRemake\CropSegInputBottom\1191_Teror_frame_02_42_19_000.jpg,48,128,128,208,dorsal,99
103,F:\Datasets\TFMTestRemake\CropSegInputBottom\1191_Teror_frame_02_42_19_000.jpg,80,288,176,368,dorsal,98
104,F:\Datasets\TFMTestRemake\CropSegInputBottom\1192_Teror_frame_03_13_25_000.jpg,64,192,144,272,dorsal,99
105,F:\Datasets\TFMTestRemake\CropSegInputBottom\1194_Teror_frame_02_11_23_000.jpg,48,336,160,432,dorsal,99
106,F:\Datasets\TFMTestRemake\CropSegInputBottom\1194_Teror_frame_02_11_23_000.jpg,64,112,112,192,dorsal,88
107,F:\Datasets\TFMTestRemake\CropSegInputBottom\1194_Teror_frame_02_11_23_000.jpg,64,176,112,208,dorsal,71
108,F:\Datasets\TFMTestRemake\CropSegInputBottom\1196_Teror_frame_02_39_55_000.jpg,48,128,112,160,dorsal,97
109,F:\Datasets\TFMTestRemake\CropSegInputBottom\11_Arucas_frame_01_28_04_000.jpg,0,16,32,48,dorsal,99
110,F:\Datasets\TFMTestRemake\CropSegInputBottom\1200_Teror_frame_02_12_59_000.jpg,32,128,80,160,dorsal,98
111,F:\Datasets\TFMTestRemake\CropSegInputBottom\1201_PresaDeHornos_frame_13_28_11_000.jpg,16,96,64,128,dorsal,98
112,F:\Datasets\TFMTestRemake\CropSegInputBottom\1202_PresaDeHornos_frame_13_28_11_000.jpg,32,64,64,96,dorsal,77
113,F:\Datasets\TFMTestRemake\CropSegInputBottom\1204_PresaDeHornos_frame_13_40_31_000.jpg,32,128,80,160,dorsal,99
114,F:\Datasets\TFMTestRemake\CropSegInputBottom\1206_Teror_frame_02_58_01_000.jpg,32,112,80,144,dorsal,98
115,F:\Datasets\TFMTestRemake\CropSegInputBottom\1207_Teror_frame_02_30_20_000.jpg,32,144,80,176,dorsal,99
116,F:\Datasets\TFMTestRemake\CropSegInputBottom\1210_Teror_frame_03_22_03_000.jpg,16,160,80,208,dorsal,98
117,F:\Datasets\TFMTestRemake\CropSegInputBottom\1213_Teror_frame_02_09_23_000.jpg,16,304,112,384,dorsal,99
118,F:\Datasets\TFMTestRemake\CropSegInputBottom\1214_PresaDeHornos_frame_13_48_33_000.jpg,32,48,64,80,dorsal,99
119,F:\Datasets\TFMTestRemake\CropSegInputBottom\1216_Teror_frame_02_49_30_000.jpg,64,208,144,272,dorsal,99
120,F:\Datasets\TFMTestRemake\CropSegInputBottom\1216_Teror_frame_02_49_30_000.jpg,192,96,224,128,dorsal,73
121,F:\Datasets\TFMTestRemake\CropSegInputBottom\1217_Teror_frame_02_56_05_000.jpg,32,160,96,224,dorsal,99
122,F:\Datasets\TFMTestRemake\CropSegInputBottom\1218_PresaDeHornos_frame_13_06_10_000.jpg,16,96,64,128,dorsal,99
123,F:\Datasets\TFMTestRemake\CropSegInputBottom\1219_PresaDeHornos_frame_13_06_10_000.jpg,32,96,80,128,dorsal,99
124,F:\Datasets\TFMTestRemake\CropSegInputBottom\121_Arucas_frame_01_42_38_000.jpg,64,160,112,192,dorsal,99
125,F:\Datasets\TFMTestRemake\CropSegInputBottom\1221_PresaDeHornos_frame_12_23_39_000.jpg,64,80,96,112,dorsal,97
126,F:\Datasets\TFMTestRemake\CropSegInputBottom\1223_PresaDeHornos_frame_12_01_32_000.jpg,32,96,80,128,dorsal,96
127,F:\Datasets\TFMTestRemake\CropSegInputBottom\1224_Teror_frame_02_13_48_000.jpg,0,80,112,176,dorsal,99
128,F:\Datasets\TFMTestRemake\CropSegInputBottom\1225_Teror_frame_01_17_23_000.jpg,32,128,96,176,dorsal,99
129,F:\Datasets\TFMTestRemake\CropSegInputBottom\1226_PresaDeHornos_frame_14_07_32_000.jpg,32,64,64,96,dorsal,93
130,F:\Datasets\TFMTestRemake\CropSegInputBottom\1227_Teror_frame_02_47_28_000.jpg,48,176,112,208,dorsal,94
131,F:\Datasets\TFMTestRemake\CropSegInputBottom\122_ParqueSur_frame_19_22_16_000.jpg,48,96,96,128,dorsal,98
132,F:\Datasets\TFMTestRemake\CropSegInputBottom\1230_Teror_frame_02_35_15_000.jpg,16,128,64,160,dorsal,83
133,F:\Datasets\TFMTestRemake\CropSegInputBottom\1233_PresaDeHornos_frame_11_56_17_000.jpg,16,80,48,96,dorsal,99
134,F:\Datasets\TFMTestRemake\CropSegInputBottom\1234_PresaDeHornos_frame_13_16_12_000.jpg,80,176,144,224,dorsal,99
135,F:\Datasets\TFMTestRemake\CropSegInputBottom\1236_PresaDeHornos_frame_13_42_11_000.jpg,16,112,48,144,dorsal,96
136,F:\Datasets\TFMTestRemake\CropSegInputBottom\1238_Teror_frame_03_10_52_000.jpg,32,176,112,240,dorsal,99
137,F:\Datasets\TFMTestRemake\CropSegInputBottom\123_Arucas_frame_01_45_36_000.jpg,32,128,80,160,dorsal,99
138,F:\Datasets\TFMTestRemake\CropSegInputBottom\1241_PresaDeHornos_frame_12_44_16_000.jpg,80,160,128,208,dorsal,99
139,F:\Datasets\TFMTestRemake\CropSegInputBottom\1242_PresaDeHornos_frame_12_44_16_000.jpg,16,48,48,64,dorsal,94
140,F:\Datasets\TFMTestRemake\CropSegInputBottom\1244_PresaDeHornos_frame_11_26_31_000.jpg,48,96,64,128,dorsal,84
141,F:\Datasets\TFMTestRemake\CropSegInputBottom\1245_Teror_frame_02_18_35_000.jpg,48,112,112,160,dorsal,99
142,F:\Datasets\TFMTestRemake\CropSegInputBottom\1249_Teror_frame_03_05_25_000.jpg,32,176,112,240,dorsal,99
143,F:\Datasets\TFMTestRemake\CropSegInputBottom\1253_PresaDeHornos_frame_12_58_42_000.jpg,48,128,96,160,dorsal,99
144,F:\Datasets\TFMTestRemake\CropSegInputBottom\1255_Teror_frame_02_25_34_000.jpg,16,96,48,128,dorsal,98
145,F:\Datasets\TFMTestRemake\CropSegInputBottom\1256_Teror_frame_02_25_34_000.jpg,64,272,144,336,dorsal,99
146,F:\Datasets\TFMTestRemake\CropSegInputBottom\1258_PresaDeHornos_frame_12_52_46_000.jpg,64,128,112,176,dorsal,99
147,F:\Datasets\TFMTestRemake\CropSegInputBottom\1261_PresaDeHornos_frame_14_05_43_000.jpg,112,256,192,320,dorsal,99
148,F:\Datasets\TFMTestRemake\CropSegInputBottom\1261_PresaDeHornos_frame_14_05_43_000.jpg,16,288,64,352,dorsal,72
149,F:\Datasets\TFMTestRemake\CropSegInputBottom\1263_Teror_frame_02_33_29_000.jpg,32,304,160,400,dorsal,99
150,F:\Datasets\TFMTestRemake\CropSegInputBottom\1264_Teror_frame_03_27_55_000.jpg,16,208,64,240,dorsal,98
151,F:\Datasets\TFMTestRemake\CropSegInputBottom\1265_Teror_frame_03_27_55_000.jpg,16,144,64,176,dorsal,99
152,F:\Datasets\TFMTestRemake\CropSegInputBottom\1266_Teror_frame_02_46_38_000.jpg,48,240,160,320,dorsal,99
153,F:\Datasets\TFMTestRemake\CropSegInputBottom\1268_Teror_frame_02_46_38_000.jpg,16,96,48,128,dorsal,80
154,F:\Datasets\TFMTestRemake\CropSegInputBottom\1272_Teror_frame_02_40_51_000.jpg,48,144,112,192,dorsal,99
155,F:\Datasets\TFMTestRemake\CropSegInputBottom\1275_Teror_frame_02_40_51_000.jpg,-32,448,80,560,dorsal,94
156,F:\Datasets\TFMTestRemake\CropSegInputBottom\1276_Teror_frame_02_04_18_000.jpg,80,144,128,192,dorsal,99
157,F:\Datasets\TFMTestRemake\CropSegInputBottom\1277_PresaDeHornos_frame_11_12_35_000.jpg,80,128,128,176,dorsal,98
158,F:\Datasets\TFMTestRemake\CropSegInputBottom\1280_PresaDeHornos_frame_12_47_07_000.jpg,48,192,112,240,dorsal,92
159,F:\Datasets\TFMTestRemake\CropSegInputBottom\1280_PresaDeHornos_frame_12_47_07_000.jpg,128,112,160,144,dorsal,75
160,F:\Datasets\TFMTestRemake\CropSegInputBottom\1281_PresaDeHornos_frame_13_12_54_000.jpg,32,96,80,128,dorsal,99
161,F:\Datasets\TFMTestRemake\CropSegInputBottom\1283_Teror_frame_03_26_08_000.jpg,48,160,112,224,dorsal,99
162,F:\Datasets\TFMTestRemake\CropSegInputBottom\1284_Teror_frame_02_28_44_000.jpg,32,144,112,208,dorsal,99
163,F:\Datasets\TFMTestRemake\CropSegInputBottom\1289_Teror_frame_02_17_43_000.jpg,0,192,96,288,dorsal,99
164,F:\Datasets\TFMTestRemake\CropSegInputBottom\1289_Teror_frame_02_17_43_000.jpg,192,208,240,240,dorsal,91
165,F:\Datasets\TFMTestRemake\CropSegInputBottom\128_Ayagaures_frame_18_15_19_000.jpg,16,48,32,64,dorsal,83
166,F:\Datasets\TFMTestRemake\CropSegInputBottom\1290_Teror_frame_02_22_51_000.jpg,48,144,80,176,dorsal,99
167,F:\Datasets\TFMTestRemake\CropSegInputBottom\1295_Teror_frame_02_18_06_000.jpg,48,192,128,256,dorsal,99
168,F:\Datasets\TFMTestRemake\CropSegInputBottom\1300_Teror_frame_03_21_26_000.jpg,32,192,96,240,dorsal,99
169,F:\Datasets\TFMTestRemake\CropSegInputBottom\1302_Teror_frame_02_08_22_000.jpg,32,80,64,112,dorsal,93
170,F:\Datasets\TFMTestRemake\CropSegInputBottom\1303_Teror_frame_02_08_22_000.jpg,16,160,96,224,dorsal,99
171,F:\Datasets\TFMTestRemake\CropSegInputBottom\1305_PresaDeHornos_frame_13_43_18_000.jpg,32,192,96,256,dorsal,99
172,F:\Datasets\TFMTestRemake\CropSegInputBottom\1307_Teror_frame_01_27_32_000.jpg,32,192,96,240,dorsal,99
173,F:\Datasets\TFMTestRemake\CropSegInputBottom\130_Ayagaures_frame_18_15_19_000.jpg,16,112,48,144,dorsal,99
174,F:\Datasets\TFMTestRemake\CropSegInputBottom\1310_Teror_frame_01_27_55_000.jpg,16,96,48,128,dorsal,99
175,F:\Datasets\TFMTestRemake\CropSegInputBottom\1312_Teror_frame_02_06_47_000.jpg,80,176,128,224,dorsal,99
176,F:\Datasets\TFMTestRemake\CropSegInputBottom\1317_PresaDeHornos_frame_13_00_38_000.jpg,32,112,64,128,dorsal,99
177,F:\Datasets\TFMTestRemake\CropSegInputBottom\1319_PresaDeHornos_frame_13_00_38_000.jpg,16,80,48,112,dorsal,99
178,F:\Datasets\TFMTestRemake\CropSegInputBottom\1321_Teror_frame_02_25_33_000.jpg,64,176,96,208,dorsal,99
179,F:\Datasets\TFMTestRemake\CropSegInputBottom\1327_Teror_frame_02_48_10_000.jpg,16,144,80,192,dorsal,99
180,F:\Datasets\TFMTestRemake\CropSegInputBottom\1327_Teror_frame_02_48_10_000.jpg,48,80,80,112,dorsal,81
181,F:\Datasets\TFMTestRemake\CropSegInputBottom\1329_Teror_frame_03_19_10_000.jpg,32,160,96,208,dorsal,99
182,F:\Datasets\TFMTestRemake\CropSegInputBottom\132_ParqueSur_frame_19_34_52_000.jpg,32,80,64,112,dorsal,99
183,F:\Datasets\TFMTestRemake\CropSegInputBottom\1331_Teror_frame_02_33_27_000.jpg,64,144,112,192,dorsal,86
184,F:\Datasets\TFMTestRemake\CropSegInputBottom\1333_Teror_frame_02_40_41_000.jpg,16,192,80,256,dorsal,99
185,F:\Datasets\TFMTestRemake\CropSegInputBottom\1336_Teror_frame_02_55_40_000.jpg,64,368,192,480,dorsal,99
186,F:\Datasets\TFMTestRemake\CropSegInputBottom\1337_PresaDeHornos_frame_12_10_00_000.jpg,96,240,192,304,dorsal,99
187,F:\Datasets\TFMTestRemake\CropSegInputBottom\1337_PresaDeHornos_frame_12_10_00_000.jpg,32,256,64,288,dorsal,82
188,F:\Datasets\TFMTestRemake\CropSegInputBottom\1339_PresaDeHornos_frame_12_10_00_000.jpg,32,160,112,224,dorsal,99
189,F:\Datasets\TFMTestRemake\CropSegInputBottom\1340_Teror_frame_03_18_03_000.jpg,48,240,128,320,dorsal,99
190,F:\Datasets\TFMTestRemake\CropSegInputBottom\1341_PresaDeHornos_frame_13_20_23_000.jpg,48,64,96,112,dorsal,99
191,F:\Datasets\TFMTestRemake\CropSegInputBottom\1342_PresaDeHornos_frame_13_20_23_000.jpg,16,48,32,64,dorsal,87
192,F:\Datasets\TFMTestRemake\CropSegInputBottom\1344_Teror_frame_01_54_25_000.jpg,48,224,128,288,dorsal,99
193,F:\Datasets\TFMTestRemake\CropSegInputBottom\1348_Teror_frame_02_26_07_000.jpg,64,112,112,160,dorsal,99
194,F:\Datasets\TFMTestRemake\CropSegInputBottom\1350_PresaDeHornos_frame_12_40_01_000.jpg,112,160,192,208,dorsal,82
195,F:\Datasets\TFMTestRemake\CropSegInputBottom\1351_PresaDeHornos_frame_12_40_01_000.jpg,32,80,48,112,dorsal,97
196,F:\Datasets\TFMTestRemake\CropSegInputBottom\1352_PresaDeHornos_frame_12_40_01_000.jpg,0,144,32,176,dorsal,85
197,F:\Datasets\TFMTestRemake\CropSegInputBottom\1353_Teror_frame_02_11_02_000.jpg,48,192,128,256,dorsal,99
198,F:\Datasets\TFMTestRemake\CropSegInputBottom\1357_Teror_frame_02_18_49_000.jpg,32,80,64,112,dorsal,99
199,F:\Datasets\TFMTestRemake\CropSegInputBottom\1360_Teror_frame_02_40_48_000.jpg,32,144,80,176,dorsal,96
200,F:\Datasets\TFMTestRemake\CropSegInputBottom\1362_Teror_frame_02_25_35_000.jpg,48,144,112,208,dorsal,99
201,F:\Datasets\TFMTestRemake\CropSegInputBottom\1363_Teror_frame_01_32_44_000.jpg,16,112,64,144,dorsal,99
202,F:\Datasets\TFMTestRemake\CropSegInputBottom\1364_Teror_frame_02_35_46_000.jpg,32,192,112,256,dorsal,99
203,F:\Datasets\TFMTestRemake\CropSegInputBottom\1367_Teror_frame_03_06_48_000.jpg,48,160,112,224,dorsal,99
204,F:\Datasets\TFMTestRemake\CropSegInputBottom\1368_PresaDeHornos_frame_12_30_43_000.jpg,80,96,112,128,dorsal,90
205,F:\Datasets\TFMTestRemake\CropSegInputBottom\1370_Teror_frame_02_43_48_000.jpg,64,208,128,256,dorsal,99
206,F:\Datasets\TFMTestRemake\CropSegInputBottom\1371_Teror_frame_02_43_48_000.jpg,32,128,64,160,dorsal,99
207,F:\Datasets\TFMTestRemake\CropSegInputBottom\1372_Teror_frame_02_43_48_000.jpg,32,160,96,224,dorsal,99
208,F:\Datasets\TFMTestRemake\CropSegInputBottom\1375_PresaDeHornos_frame_13_29_54_000.jpg,48,112,96,144,dorsal,99
209,F:\Datasets\TFMTestRemake\CropSegInputBottom\1376_Teror_frame_03_02_15_000.jpg,48,192,128,256,dorsal,98
210,F:\Datasets\TFMTestRemake\CropSegInputBottom\1379_Teror_frame_02_46_56_000.jpg,16,176,64,208,dorsal,96
211,F:\Datasets\TFMTestRemake\CropSegInputBottom\137_PresaDeHornos_frame_10_38_51_000.jpg,64,96,112,144,dorsal,99
212,F:\Datasets\TFMTestRemake\CropSegInputBottom\1380_PresaDeHornos_frame_12_40_59_000.jpg,64,112,112,144,dorsal,98
213,F:\Datasets\TFMTestRemake\CropSegInputBottom\1381_Teror_frame_02_18_34_000.jpg,32,80,80,112,dorsal,99
214,F:\Datasets\TFMTestRemake\CropSegInputBottom\1383_Teror_frame_02_23_49_000.jpg,32,96,64,128,dorsal,99
215,F:\Datasets\TFMTestRemake\CropSegInputBottom\1387_Teror_frame_02_07_55_000.jpg,32,320,176,448,dorsal,99
216,F:\Datasets\TFMTestRemake\CropSegInputBottom\1387_Teror_frame_02_07_55_000.jpg,80,176,160,240,dorsal,94
217,F:\Datasets\TFMTestRemake\CropSegInputBottom\1388_Teror_frame_03_21_50_000.jpg,32,288,112,352,dorsal,99
218,F:\Datasets\TFMTestRemake\CropSegInputBottom\1389_Teror_frame_03_15_16_000.jpg,32,144,80,192,dorsal,99
219,F:\Datasets\TFMTestRemake\CropSegInputBottom\1394_Teror_frame_03_02_19_000.jpg,48,160,112,208,dorsal,99
220,F:\Datasets\TFMTestRemake\CropSegInputBottom\1395_PresaDeHornos_frame_13_33_41_000.jpg,80,192,144,256,dorsal,99
221,F:\Datasets\TFMTestRemake\CropSegInputBottom\1396_Teror_frame_02_38_14_000.jpg,48,128,96,160,dorsal,98
222,F:\Datasets\TFMTestRemake\CropSegInputBottom\1397_Teror_frame_02_38_14_000.jpg,32,112,64,144,dorsal,99
223,F:\Datasets\TFMTestRemake\CropSegInputBottom\139_Arucas_frame_01_34_26_000.jpg,96,96,112,128,dorsal,70
224,F:\Datasets\TFMTestRemake\CropSegInputBottom\13_Arucas_frame_01_28_10_000.jpg,16,160,64,208,dorsal,99
225,F:\Datasets\TFMTestRemake\CropSegInputBottom\1402_Teror_frame_02_43_41_000.jpg,16,384,112,464,dorsal,98
226,F:\Datasets\TFMTestRemake\CropSegInputBottom\1402_Teror_frame_02_43_41_000.jpg,32,240,112,352,dorsal,95
227,F:\Datasets\TFMTestRemake\CropSegInputBottom\1402_Teror_frame_02_43_41_000.jpg,32,160,112,224,dorsal,70
228,F:\Datasets\TFMTestRemake\CropSegInputBottom\1404_PresaDeHornos_frame_13_37_47_000.jpg,16,80,48,96,dorsal,90
229,F:\Datasets\TFMTestRemake\CropSegInputBottom\1406_Teror_frame_02_10_10_000.jpg,48,224,144,304,dorsal,99
230,F:\Datasets\TFMTestRemake\CropSegInputBottom\1406_Teror_frame_02_10_10_000.jpg,64,80,112,144,dorsal,94
231,F:\Datasets\TFMTestRemake\CropSegInputBottom\1409_Teror_frame_02_10_10_000.jpg,80,16,144,80,dorsal,97
232,F:\Datasets\TFMTestRemake\CropSegInputBottom\1409_Teror_frame_02_10_10_000.jpg,560,96,592,128,dorsal,83
233,F:\Datasets\TFMTestRemake\CropSegInputBottom\140_Arucas_frame_01_34_26_000.jpg,128,352,256,432,dorsal,97
234,F:\Datasets\TFMTestRemake\CropSegInputBottom\1411_Teror_frame_01_20_03_000.jpg,32,112,80,144,dorsal,98
235,F:\Datasets\TFMTestRemake\CropSegInputBottom\1413_Teror_frame_02_48_46_000.jpg,64,192,128,240,dorsal,97
236,F:\Datasets\TFMTestRemake\CropSegInputBottom\1415_Teror_frame_01_34_07_000.jpg,16,112,48,144,dorsal,99
237,F:\Datasets\TFMTestRemake\CropSegInputBottom\1417_Teror_frame_03_17_22_000.jpg,16,128,80,176,dorsal,98
238,F:\Datasets\TFMTestRemake\CropSegInputBottom\1418_Teror_frame_02_29_08_000.jpg,16,144,80,192,dorsal,99
239,F:\Datasets\TFMTestRemake\CropSegInputBottom\1422_Teror_frame_02_49_17_000.jpg,48,160,112,208,dorsal,99
240,F:\Datasets\TFMTestRemake\CropSegInputBottom\1424_Teror_frame_03_30_16_000.jpg,32,192,112,256,dorsal,99
241,F:\Datasets\TFMTestRemake\CropSegInputBottom\1425_PresaDeHornos_frame_12_22_20_000.jpg,64,144,96,176,dorsal,88
242,F:\Datasets\TFMTestRemake\CropSegInputBottom\1427_Teror_frame_02_15_10_000.jpg,32,64,80,96,dorsal,91
243,F:\Datasets\TFMTestRemake\CropSegInputBottom\1428_Teror_frame_02_15_10_000.jpg,0,80,48,128,dorsal,99
244,F:\Datasets\TFMTestRemake\CropSegInputBottom\1431_Teror_frame_03_09_39_000.jpg,48,160,112,208,dorsal,99
245,F:\Datasets\TFMTestRemake\CropSegInputBottom\1433_Teror_frame_02_12_30_000.jpg,16,256,112,336,dorsal,99
246,F:\Datasets\TFMTestRemake\CropSegInputBottom\1435_Teror_frame_02_12_30_000.jpg,160,96,240,160,dorsal,89
247,F:\Datasets\TFMTestRemake\CropSegInputBottom\1436_PresaDeHornos_frame_13_08_23_000.jpg,32,112,80,144,dorsal,99
248,F:\Datasets\TFMTestRemake\CropSegInputBottom\1437_Teror_frame_02_49_34_000.jpg,48,128,112,192,dorsal,99
249,F:\Datasets\TFMTestRemake\CropSegInputBottom\1438_PresaDeHornos_frame_13_34_11_000.jpg,32,80,64,112,dorsal,99
250,F:\Datasets\TFMTestRemake\CropSegInputBottom\143_Arucas_frame_01_43_49_000.jpg,48,160,96,192,dorsal,99
251,F:\Datasets\TFMTestRemake\CropSegInputBottom\1440_Teror_frame_03_15_13_000.jpg,16,240,80,288,dorsal,98
252,F:\Datasets\TFMTestRemake\CropSegInputBottom\1441_Teror_frame_03_14_53_000.jpg,16,160,96,224,dorsal,99
253,F:\Datasets\TFMTestRemake\CropSegInputBottom\1442_PresaDeHornos_frame_11_54_42_000.jpg,64,144,112,176,dorsal,99
254,F:\Datasets\TFMTestRemake\CropSegInputBottom\1443_Teror_frame_03_03_26_000.jpg,32,128,96,160,dorsal,99
255,F:\Datasets\TFMTestRemake\CropSegInputBottom\1445_Teror_frame_02_48_15_000.jpg,32,144,96,208,dorsal,99
256,F:\Datasets\TFMTestRemake\CropSegInputBottom\1446_Teror_frame_02_48_15_000.jpg,48,80,80,112,dorsal,95
257,F:\Datasets\TFMTestRemake\CropSegInputBottom\1448_PresaDeHornos_frame_12_09_50_000.jpg,96,256,192,336,dorsal,99
258,F:\Datasets\TFMTestRemake\CropSegInputBottom\1448_PresaDeHornos_frame_12_09_50_000.jpg,0,240,32,272,dorsal,97
259,F:\Datasets\TFMTestRemake\CropSegInputBottom\1450_PresaDeHornos_frame_11_39_40_000.jpg,32,96,80,128,dorsal,86
260,F:\Datasets\TFMTestRemake\CropSegInputBottom\1452_Teror_frame_03_04_41_000.jpg,48,176,128,240,dorsal,99
261,F:\Datasets\TFMTestRemake\CropSegInputBottom\1453_Teror_frame_03_04_41_000.jpg,48,112,144,224,dorsal,98
262,F:\Datasets\TFMTestRemake\CropSegInputBottom\1454_Teror_frame_03_04_41_000.jpg,64,112,96,144,dorsal,94
263,F:\Datasets\TFMTestRemake\CropSegInputBottom\1455_Teror_frame_02_47_23_000.jpg,16,144,96,208,dorsal,99
264,F:\Datasets\TFMTestRemake\CropSegInputBottom\1459_PresaDeHornos_frame_12_41_00_000.jpg,96,176,176,240,dorsal,98
265,F:\Datasets\TFMTestRemake\CropSegInputBottom\1459_PresaDeHornos_frame_12_41_00_000.jpg,144,432,176,464,dorsal,77
266,F:\Datasets\TFMTestRemake\CropSegInputBottom\1459_PresaDeHornos_frame_12_41_00_000.jpg,128,240,160,272,dorsal,71
267,F:\Datasets\TFMTestRemake\CropSegInputBottom\1461_PresaDeHornos_frame_13_20_22_000.jpg,32,48,64,80,dorsal,99
268,F:\Datasets\TFMTestRemake\CropSegInputBottom\1463_PresaDeHornos_frame_13_44_25_000.jpg,64,96,112,144,dorsal,99
269,F:\Datasets\TFMTestRemake\CropSegInputBottom\1464_Teror_frame_02_11_17_000.jpg,32,160,80,192,dorsal,99
270,F:\Datasets\TFMTestRemake\CropSegInputBottom\1468_PresaDeHornos_frame_13_16_11_000.jpg,48,128,96,160,dorsal,99
271,F:\Datasets\TFMTestRemake\CropSegInputBottom\1472_Teror_frame_02_13_00_000.jpg,64,224,128,288,dorsal,99
272,F:\Datasets\TFMTestRemake\CropSegInputBottom\1472_Teror_frame_02_13_00_000.jpg,64,176,128,208,dorsal,98
273,F:\Datasets\TFMTestRemake\CropSegInputBottom\1476_Teror_frame_03_02_57_000.jpg,176,432,256,512,dorsal,99
274,F:\Datasets\TFMTestRemake\CropSegInputBottom\1477_Teror_frame_02_15_17_000.jpg,32,208,112,272,dorsal,99
275,F:\Datasets\TFMTestRemake\CropSegInputBottom\1477_Teror_frame_02_15_17_000.jpg,80,96,144,144,dorsal,76
276,F:\Datasets\TFMTestRemake\CropSegInputBottom\147_PresaDeHornos_frame_09_59_20_000.jpg,48,64,64,96,dorsal,74
277,F:\Datasets\TFMTestRemake\CropSegInputBottom\1480_PresaDeHornos_frame_13_40_44_000.jpg,48,128,96,176,dorsal,99
278,F:\Datasets\TFMTestRemake\CropSegInputBottom\1481_PresaDeHornos_frame_11_54_51_000.jpg,48,112,80,144,dorsal,98
279,F:\Datasets\TFMTestRemake\CropSegInputBottom\1482_Teror_frame_02_30_21_000.jpg,48,208,128,256,dorsal,99
280,F:\Datasets\TFMTestRemake\CropSegInputBottom\1487_PresaDeHornos_frame_13_44_23_000.jpg,32,64,64,96,dorsal,99
281,F:\Datasets\TFMTestRemake\CropSegInputBottom\1488_PresaDeHornos_frame_13_48_41_000.jpg,64,112,128,160,dorsal,99
282,F:\Datasets\TFMTestRemake\CropSegInputBottom\1490_Teror_frame_02_00_58_000.jpg,48,96,128,176,dorsal,98
283,F:\Datasets\TFMTestRemake\CropSegInputBottom\1490_Teror_frame_02_00_58_000.jpg,16,240,96,304,dorsal,97
284,F:\Datasets\TFMTestRemake\CropSegInputBottom\1491_Teror_frame_02_04_19_000.jpg,128,256,208,336,dorsal,99
285,F:\Datasets\TFMTestRemake\CropSegInputBottom\1494_Teror_frame_02_39_56_000.jpg,48,160,128,224,dorsal,99
286,F:\Datasets\TFMTestRemake\CropSegInputBottom\1497_Teror_frame_02_42_59_000.jpg,-16,176,32,240,dorsal,83
287,F:\Datasets\TFMTestRemake\CropSegInputBottom\150_Arucas_frame_01_46_04_000.jpg,80,224,224,336,dorsal,98
288,F:\Datasets\TFMTestRemake\CropSegInputBottom\152_Ayagaures_frame_17_58_19_000.jpg,48,224,112,272,dorsal,99
289,F:\Datasets\TFMTestRemake\CropSegInputBottom\154_Ayagaures_frame_17_58_19_000.jpg,16,64,48,80,dorsal,86
290,F:\Datasets\TFMTestRemake\CropSegInputBottom\158_ParqueSur_frame_15_53_56_000.jpg,80,224,144,272,dorsal,99
291,F:\Datasets\TFMTestRemake\CropSegInputBottom\158_ParqueSur_frame_15_53_56_000.jpg,112,416,160,464,dorsal,95
292,F:\Datasets\TFMTestRemake\CropSegInputBottom\158_ParqueSur_frame_15_53_56_000.jpg,96,112,128,144,dorsal,93
293,F:\Datasets\TFMTestRemake\CropSegInputBottom\161_Arucas_frame_01_46_03_000.jpg,128,192,208,256,dorsal,99
294,F:\Datasets\TFMTestRemake\CropSegInputBottom\164_Arucas_frame_01_48_09_000.jpg,16,160,96,224,dorsal,99
295,F:\Datasets\TFMTestRemake\CropSegInputBottom\164_Arucas_frame_01_48_09_000.jpg,16,256,48,288,dorsal,97
296,F:\Datasets\TFMTestRemake\CropSegInputBottom\168_Ayagaures_frame_13_27_03_000.jpg,0,64,32,96,dorsal,99
297,F:\Datasets\TFMTestRemake\CropSegInputBottom\16_Arucas_frame_01_28_10_000.jpg,16,128,64,160,dorsal,98
298,F:\Datasets\TFMTestRemake\CropSegInputBottom\172_Arucas_frame_01_51_06_000.jpg,64,320,208,432,dorsal,99
299,F:\Datasets\TFMTestRemake\CropSegInputBottom\173_Arucas_frame_01_51_06_000.jpg,112,352,224,432,dorsal,99
300,F:\Datasets\TFMTestRemake\CropSegInputBottom\173_Arucas_frame_01_51_06_000.jpg,32,176,96,240,dorsal,98
301,F:\Datasets\TFMTestRemake\CropSegInputBottom\175_Arucas_frame_01_49_55_000.jpg,96,208,192,272,dorsal,99
302,F:\Datasets\TFMTestRemake\CropSegInputBottom\179_Arucas_frame_01_45_55_000.jpg,32,224,96,288,dorsal,99
303,F:\Datasets\TFMTestRemake\CropSegInputBottom\17_Arucas_frame_01_28_10_000.jpg,48,112,96,144,dorsal,99
304,F:\Datasets\TFMTestRemake\CropSegInputBottom\186_Arucas_frame_01_26_15_000.jpg,32,48,80,80,dorsal,99
305,F:\Datasets\TFMTestRemake\CropSegInputBottom\187_ParqueSur_frame_12_40_17_000.jpg,64,128,112,176,dorsal,99
306,F:\Datasets\TFMTestRemake\CropSegInputBottom\188_ParqueSur_frame_12_40_17_000.jpg,32,128,96,176,dorsal,92
307,F:\Datasets\TFMTestRemake\CropSegInputBottom\188_ParqueSur_frame_12_40_17_000.jpg,208,480,256,512,dorsal,89
308,F:\Datasets\TFMTestRemake\CropSegInputBottom\188_ParqueSur_frame_12_40_17_000.jpg,208,64,256,128,dorsal,87
309,F:\Datasets\TFMTestRemake\CropSegInputBottom\188_ParqueSur_frame_12_40_17_000.jpg,64,192,96,224,dorsal,77
310,F:\Datasets\TFMTestRemake\CropSegInputBottom\18_Arucas_frame_01_44_35_000.jpg,80,192,144,240,dorsal,99
311,F:\Datasets\TFMTestRemake\CropSegInputBottom\190_Arucas_frame_01_48_22_000.jpg,48,112,80,144,dorsal,94
312,F:\Datasets\TFMTestRemake\CropSegInputBottom\193_ParqueSur_frame_17_59_10_000.jpg,16,64,48,80,dorsal,99
313,F:\Datasets\TFMTestRemake\CropSegInputBottom\198_PresaDeHornos_frame_10_47_33_000.jpg,80,176,144,240,dorsal,98
314,F:\Datasets\TFMTestRemake\CropSegInputBottom\199_PresaDeHornos_frame_11_08_58_000.jpg,16,64,48,96,dorsal,99
315,F:\Datasets\TFMTestRemake\CropSegInputBottom\199_PresaDeHornos_frame_11_08_58_000.jpg,80,128,128,176,dorsal,99
316,F:\Datasets\TFMTestRemake\CropSegInputBottom\200_Arucas_frame_01_16_47_000.jpg,48,176,112,240,dorsal,99
317,F:\Datasets\TFMTestRemake\CropSegInputBottom\201_Arucas_frame_01_16_47_000.jpg,16,64,48,80,dorsal,71
318,F:\Datasets\TFMTestRemake\CropSegInputBottom\206_Arucas_frame_01_39_57_000.jpg,48,144,112,208,dorsal,98
319,F:\Datasets\TFMTestRemake\CropSegInputBottom\210_Ayagaures_frame_17_40_28_000.jpg,48,144,96,176,dorsal,99
320,F:\Datasets\TFMTestRemake\CropSegInputBottom\211_Ayagaures_frame_17_40_28_000.jpg,64,224,128,288,dorsal,99
321,F:\Datasets\TFMTestRemake\CropSegInputBottom\211_Ayagaures_frame_17_40_28_000.jpg,192,560,208,592,dorsal,78
322,F:\Datasets\TFMTestRemake\CropSegInputBottom\215_Ayagaures_frame_18_30_54_000.jpg,32,112,80,144,dorsal,99
323,F:\Datasets\TFMTestRemake\CropSegInputBottom\21_Arucas_frame_01_18_35_000.jpg,112,176,144,208,dorsal,80
324,F:\Datasets\TFMTestRemake\CropSegInputBottom\221_Arucas_frame_01_47_24_000.jpg,80,96,128,128,dorsal,99
325,F:\Datasets\TFMTestRemake\CropSegInputBottom\222_Arucas_frame_01_47_24_000.jpg,80,224,160,288,dorsal,99
326,F:\Datasets\TFMTestRemake\CropSegInputBottom\226_Arucas_frame_01_17_12_000.jpg,48,160,112,224,dorsal,99
327,F:\Datasets\TFMTestRemake\CropSegInputBottom\230_Arucas_frame_01_17_12_000.jpg,128,656,160,688,dorsal,96
328,F:\Datasets\TFMTestRemake\CropSegInputBottom\231_Arucas_frame_01_17_12_000.jpg,16,96,48,128,dorsal,97
329,F:\Datasets\TFMTestRemake\CropSegInputBottom\234_Ayagaures_frame_17_57_17_000.jpg,32,112,80,144,dorsal,99
330,F:\Datasets\TFMTestRemake\CropSegInputBottom\238_Arucas_frame_01_38_36_000.jpg,64,160,128,208,dorsal,98
331,F:\Datasets\TFMTestRemake\CropSegInputBottom\249_Arucas_frame_01_42_33_000.jpg,0,288,64,352,dorsal,99
332,F:\Datasets\TFMTestRemake\CropSegInputBottom\249_Arucas_frame_01_42_33_000.jpg,112,240,208,320,dorsal,98
333,F:\Datasets\TFMTestRemake\CropSegInputBottom\24_Arucas_frame_01_18_35_000.jpg,80,208,128,256,dorsal,99
334,F:\Datasets\TFMTestRemake\CropSegInputBottom\252_Arucas_frame_01_45_15_000.jpg,64,128,96,160,dorsal,99
335,F:\Datasets\TFMTestRemake\CropSegInputBottom\256_Ayagaures_frame_16_16_50_000.jpg,32,160,80,208,dorsal,99
336,F:\Datasets\TFMTestRemake\CropSegInputBottom\259_ParqueSur_frame_19_14_25_000.jpg,64,128,112,176,dorsal,99
337,F:\Datasets\TFMTestRemake\CropSegInputBottom\25_Arucas_frame_01_27_30_000.jpg,64,224,160,288,dorsal,99
338,F:\Datasets\TFMTestRemake\CropSegInputBottom\261_Arucas_frame_01_37_00_000.jpg,48,144,96,176,dorsal,99
339,F:\Datasets\TFMTestRemake\CropSegInputBottom\262_Arucas_frame_01_37_00_000.jpg,112,640,176,704,dorsal,97
340,F:\Datasets\TFMTestRemake\CropSegInputBottom\265_Arucas_frame_01_22_05_000.jpg,32,144,80,176,dorsal,99
341,F:\Datasets\TFMTestRemake\CropSegInputBottom\26_Arucas_frame_01_27_30_000.jpg,0,64,16,96,dorsal,95
342,F:\Datasets\TFMTestRemake\CropSegInputBottom\274_Arucas_frame_01_50_46_000.jpg,80,272,176,352,dorsal,99
343,F:\Datasets\TFMTestRemake\CropSegInputBottom\276_ParqueSur_frame_20_17_38_000.jpg,64,128,112,160,dorsal,99
344,F:\Datasets\TFMTestRemake\CropSegInputBottom\277_ParqueSur_frame_19_34_54_000.jpg,32,128,96,176,dorsal,98
345,F:\Datasets\TFMTestRemake\CropSegInputBottom\279_Arucas_frame_01_38_35_000.jpg,64,128,112,160,dorsal,98
346,F:\Datasets\TFMTestRemake\CropSegInputBottom\283_Arucas_frame_01_30_12_000.jpg,192,256,240,320,dorsal,99
347,F:\Datasets\TFMTestRemake\CropSegInputBottom\287_Arucas_frame_01_42_30_000.jpg,80,176,160,240,dorsal,99
348,F:\Datasets\TFMTestRemake\CropSegInputBottom\287_Arucas_frame_01_42_30_000.jpg,192,224,224,240,dorsal,93
349,F:\Datasets\TFMTestRemake\CropSegInputBottom\289_Arucas_frame_01_42_30_000.jpg,96,656,144,704,dorsal,92
350,F:\Datasets\TFMTestRemake\CropSegInputBottom\290_Arucas_frame_01_34_34_000.jpg,32,352,112,432,dorsal,99
351,F:\Datasets\TFMTestRemake\CropSegInputBottom\293_PresaDeHornos_frame_10_01_25_000.jpg,80,192,112,240,dorsal,99
352,F:\Datasets\TFMTestRemake\CropSegInputBottom\294_Arucas_frame_01_31_21_000.jpg,32,224,128,304,dorsal,99
353,F:\Datasets\TFMTestRemake\CropSegInputBottom\2_Ayagaures_frame_18_45_40_000.jpg,0,16,32,32,dorsal,99
354,F:\Datasets\TFMTestRemake\CropSegInputBottom\301_ParqueSur_frame_17_03_16_000.jpg,64,112,96,144,dorsal,97
355,F:\Datasets\TFMTestRemake\CropSegInputBottom\303_Arucas_frame_01_12_08_000.jpg,96,176,128,208,dorsal,95
356,F:\Datasets\TFMTestRemake\CropSegInputBottom\305_Arucas_frame_01_12_08_000.jpg,48,224,128,288,dorsal,99
357,F:\Datasets\TFMTestRemake\CropSegInputBottom\309_Arucas_frame_01_27_46_000.jpg,224,688,288,736,dorsal,76
358,F:\Datasets\TFMTestRemake\CropSegInputBottom\30_Arucas_frame_01_42_47_000.jpg,16,176,80,224,dorsal,97
359,F:\Datasets\TFMTestRemake\CropSegInputBottom\313_Arucas_frame_01_51_43_000.jpg,192,208,240,256,dorsal,99
360,F:\Datasets\TFMTestRemake\CropSegInputBottom\315_Arucas_frame_01_38_42_000.jpg,64,96,96,128,dorsal,97
361,F:\Datasets\TFMTestRemake\CropSegInputBottom\318_Arucas_frame_01_38_42_000.jpg,112,656,176,720,dorsal,98
362,F:\Datasets\TFMTestRemake\CropSegInputBottom\31_Arucas_frame_01_42_47_000.jpg,80,160,96,192,dorsal,84
363,F:\Datasets\TFMTestRemake\CropSegInputBottom\321_Ayagaures_frame_15_43_41_000.jpg,32,128,80,160,dorsal,99
364,F:\Datasets\TFMTestRemake\CropSegInputBottom\322_Ayagaures_frame_15_43_41_000.jpg,16,96,64,112,dorsal,99
365,F:\Datasets\TFMTestRemake\CropSegInputBottom\324_Arucas_frame_01_18_44_000.jpg,48,112,128,176,dorsal,94
366,F:\Datasets\TFMTestRemake\CropSegInputBottom\325_Arucas_frame_01_18_44_000.jpg,-16,448,96,560,dorsal,97
367,F:\Datasets\TFMTestRemake\CropSegInputBottom\325_Arucas_frame_01_18_44_000.jpg,160,80,208,144,dorsal,95
368,F:\Datasets\TFMTestRemake\CropSegInputBottom\326_ParqueSur_frame_15_53_55_000.jpg,80,160,144,208,dorsal,99
369,F:\Datasets\TFMTestRemake\CropSegInputBottom\326_ParqueSur_frame_15_53_55_000.jpg,32,352,64,384,dorsal,98
370,F:\Datasets\TFMTestRemake\CropSegInputBottom\326_ParqueSur_frame_15_53_55_000.jpg,96,80,128,112,dorsal,98
371,F:\Datasets\TFMTestRemake\CropSegInputBottom\326_ParqueSur_frame_15_53_55_000.jpg,128,304,144,336,dorsal,91
372,F:\Datasets\TFMTestRemake\CropSegInputBottom\329_ParqueSur_frame_14_57_58_000.jpg,48,160,96,192,dorsal,99
373,F:\Datasets\TFMTestRemake\CropSegInputBottom\330_ParqueSur_frame_20_20_43_000.jpg,112,256,192,336,dorsal,99
374,F:\Datasets\TFMTestRemake\CropSegInputBottom\337_Arucas_frame_01_34_02_000.jpg,16,128,64,176,dorsal,99
375,F:\Datasets\TFMTestRemake\CropSegInputBottom\339_Arucas_frame_01_49_52_000.jpg,64,240,160,304,dorsal,99
376,F:\Datasets\TFMTestRemake\CropSegInputBottom\33_Arucas_frame_01_40_40_000.jpg,32,112,64,144,dorsal,99
377,F:\Datasets\TFMTestRemake\CropSegInputBottom\341_Arucas_frame_01_49_52_000.jpg,48,272,160,368,dorsal,98
378,F:\Datasets\TFMTestRemake\CropSegInputBottom\341_Arucas_frame_01_49_52_000.jpg,32,208,112,272,dorsal,75
379,F:\Datasets\TFMTestRemake\CropSegInputBottom\342_Arucas_frame_01_49_52_000.jpg,64,112,128,160,dorsal,95
380,F:\Datasets\TFMTestRemake\CropSegInputBottom\344_Ayagaures_frame_13_32_58_000.jpg,32,208,80,240,dorsal,99
381,F:\Datasets\TFMTestRemake\CropSegInputBottom\346_Ayagaures_frame_13_32_58_000.jpg,16,48,32,64,dorsal,95
382,F:\Datasets\TFMTestRemake\CropSegInputBottom\351_Arucas_frame_01_24_51_000.jpg,48,176,112,240,dorsal,99
383,F:\Datasets\TFMTestRemake\CropSegInputBottom\353_Arucas_frame_01_23_52_000.jpg,32,96,64,128,dorsal,99
384,F:\Datasets\TFMTestRemake\CropSegInputBottom\355_Arucas_frame_01_23_52_000.jpg,0,48,32,80,dorsal,94
385,F:\Datasets\TFMTestRemake\CropSegInputBottom\356_Arucas_frame_01_23_52_000.jpg,176,592,208,624,dorsal,73
386,F:\Datasets\TFMTestRemake\CropSegInputBottom\357_Arucas_frame_01_23_52_000.jpg,0,32,32,48,dorsal,76
387,F:\Datasets\TFMTestRemake\CropSegInputBottom\360_Arucas_frame_01_35_30_000.jpg,48,112,96,144,dorsal,99
388,F:\Datasets\TFMTestRemake\CropSegInputBottom\366_Arucas_frame_01_52_18_000.jpg,112,256,208,336,dorsal,98
389,F:\Datasets\TFMTestRemake\CropSegInputBottom\369_Ayagaures_frame_18_34_26_000.jpg,64,384,96,416,dorsal,99
390,F:\Datasets\TFMTestRemake\CropSegInputBottom\369_Ayagaures_frame_18_34_26_000.jpg,16,128,64,160,dorsal,99
391,F:\Datasets\TFMTestRemake\CropSegInputBottom\369_Ayagaures_frame_18_34_26_000.jpg,80,304,112,336,dorsal,83
392,F:\Datasets\TFMTestRemake\CropSegInputBottom\36_Ayagaures_frame_15_23_43_000.jpg,32,112,64,144,dorsal,99
393,F:\Datasets\TFMTestRemake\CropSegInputBottom\370_Ayagaures_frame_18_34_26_000.jpg,80,224,160,272,dorsal,98
394,F:\Datasets\TFMTestRemake\CropSegInputBottom\370_Ayagaures_frame_18_34_26_000.jpg,112,80,144,112,dorsal,84
395,F:\Datasets\TFMTestRemake\CropSegInputBottom\374_Arucas_frame_01_48_28_000.jpg,48,240,128,320,dorsal,99
396,F:\Datasets\TFMTestRemake\CropSegInputBottom\375_Arucas_frame_01_48_28_000.jpg,96,272,192,336,dorsal,98
397,F:\Datasets\TFMTestRemake\CropSegInputBottom\377_Arucas_frame_01_41_55_000.jpg,32,112,80,160,dorsal,99
398,F:\Datasets\TFMTestRemake\CropSegInputBottom\382_Ayagaures_frame_17_56_06_000.jpg,32,320,96,384,dorsal,99
399,F:\Datasets\TFMTestRemake\CropSegInputBottom\383_Ayagaures_frame_17_56_06_000.jpg,16,48,48,64,dorsal,95
400,F:\Datasets\TFMTestRemake\CropSegInputBottom\390_Arucas_frame_01_38_52_000.jpg,64,144,144,192,dorsal,99
401,F:\Datasets\TFMTestRemake\CropSegInputBottom\392_Arucas_frame_01_48_25_000.jpg,48,160,96,192,dorsal,99
402,F:\Datasets\TFMTestRemake\CropSegInputBottom\394_Arucas_frame_01_48_25_000.jpg,48,224,112,288,dorsal,99
403,F:\Datasets\TFMTestRemake\CropSegInputBottom\398_Arucas_frame_01_26_16_000.jpg,64,112,128,160,dorsal,99
404,F:\Datasets\TFMTestRemake\CropSegInputBottom\402_Ayagaures_frame_17_42_28_000.jpg,32,96,80,128,dorsal,99
405,F:\Datasets\TFMTestRemake\CropSegInputBottom\406_PresaDeHornos_frame_09_03_47_000.jpg,48,128,80,160,dorsal,99
406,F:\Datasets\TFMTestRemake\CropSegInputBottom\407_PresaDeHornos_frame_09_59_21_000.jpg,48,96,96,128,dorsal,99
407,F:\Datasets\TFMTestRemake\CropSegInputBottom\409_ParqueSur_frame_16_39_33_000.jpg,64,144,128,208,dorsal,99
408,F:\Datasets\TFMTestRemake\CropSegInputBottom\412_Ayagaures_frame_13_17_33_000.jpg,64,240,144,304,dorsal,99
409,F:\Datasets\TFMTestRemake\CropSegInputBottom\416_Arucas_frame_01_16_45_000.jpg,32,96,80,128,dorsal,98
410,F:\Datasets\TFMTestRemake\CropSegInputBottom\419_Ayagaures_frame_18_06_49_000.jpg,48,240,96,304,dorsal,99
411,F:\Datasets\TFMTestRemake\CropSegInputBottom\419_Ayagaures_frame_18_06_49_000.jpg,144,176,192,224,dorsal,91
412,F:\Datasets\TFMTestRemake\CropSegInputBottom\419_Ayagaures_frame_18_06_49_000.jpg,144,336,192,416,dorsal,85
413,F:\Datasets\TFMTestRemake\CropSegInputBottom\41_Arucas_frame_01_32_24_000.jpg,32,128,96,176,dorsal,99
414,F:\Datasets\TFMTestRemake\CropSegInputBottom\422_Arucas_frame_01_30_54_000.jpg,64,224,160,304,dorsal,99
415,F:\Datasets\TFMTestRemake\CropSegInputBottom\423_Arucas_frame_01_30_54_000.jpg,208,640,272,704,dorsal,89
416,F:\Datasets\TFMTestRemake\CropSegInputBottom\426_Arucas_frame_01_39_02_000.jpg,48,160,112,208,dorsal,98
417,F:\Datasets\TFMTestRemake\CropSegInputBottom\431_Arucas_frame_01_50_42_000.jpg,80,208,144,272,dorsal,98
418,F:\Datasets\TFMTestRemake\CropSegInputBottom\431_Arucas_frame_01_50_42_000.jpg,32,128,112,176,dorsal,78
419,F:\Datasets\TFMTestRemake\CropSegInputBottom\435_Arucas_frame_01_52_15_000.jpg,16,96,64,128,dorsal,99
420,F:\Datasets\TFMTestRemake\CropSegInputBottom\436_Arucas_frame_01_52_15_000.jpg,80,160,128,208,dorsal,99
421,F:\Datasets\TFMTestRemake\CropSegInputBottom\440_Arucas_frame_01_52_14_000.jpg,160,640,224,688,dorsal,97
422,F:\Datasets\TFMTestRemake\CropSegInputBottom\441_Arucas_frame_01_52_14_000.jpg,16,176,32,192,dorsal,87
423,F:\Datasets\TFMTestRemake\CropSegInputBottom\442_Arucas_frame_01_52_14_000.jpg,32,80,64,112,dorsal,99
424,F:\Datasets\TFMTestRemake\CropSegInputBottom\443_Arucas_frame_01_52_14_000.jpg,64,144,128,192,dorsal,89
425,F:\Datasets\TFMTestRemake\CropSegInputBottom\446_Arucas_frame_01_51_19_000.jpg,80,176,144,240,dorsal,99
426,F:\Datasets\TFMTestRemake\CropSegInputBottom\447_Arucas_frame_01_51_19_000.jpg,64,272,96,304,dorsal,99
427,F:\Datasets\TFMTestRemake\CropSegInputBottom\451_Ayagaures_frame_18_49_18_000.jpg,32,384,160,496,dorsal,99
428,F:\Datasets\TFMTestRemake\CropSegInputBottom\451_Ayagaures_frame_18_49_18_000.jpg,176,832,224,896,dorsal,96
429,F:\Datasets\TFMTestRemake\CropSegInputBottom\451_Ayagaures_frame_18_49_18_000.jpg,48,96,96,144,dorsal,83
430,F:\Datasets\TFMTestRemake\CropSegInputBottom\458_ParqueSur_frame_19_17_44_000.jpg,80,144,128,192,dorsal,94
431,F:\Datasets\TFMTestRemake\CropSegInputBottom\458_ParqueSur_frame_19_17_44_000.jpg,80,464,112,496,dorsal,77
432,F:\Datasets\TFMTestRemake\CropSegInputBottom\459_Arucas_frame_01_33_02_000.jpg,16,80,48,96,dorsal,96
433,F:\Datasets\TFMTestRemake\CropSegInputBottom\45_Arucas_frame_01_37_17_000.jpg,80,176,128,208,dorsal,99
434,F:\Datasets\TFMTestRemake\CropSegInputBottom\460_Arucas_frame_01_33_02_000.jpg,48,224,96,256,dorsal,98
435,F:\Datasets\TFMTestRemake\CropSegInputBottom\463_Arucas_frame_01_33_02_000.jpg,48,80,96,128,dorsal,99
436,F:\Datasets\TFMTestRemake\CropSegInputBottom\467_Arucas_frame_01_37_25_000.jpg,64,176,144,240,dorsal,99
437,F:\Datasets\TFMTestRemake\CropSegInputBottom\46_Arucas_frame_01_37_17_000.jpg,192,192,272,256,dorsal,97
438,F:\Datasets\TFMTestRemake\CropSegInputBottom\474_Arucas_frame_01_31_51_000.jpg,48,128,96,160,dorsal,99
439,F:\Datasets\TFMTestRemake\CropSegInputBottom\478_Arucas_frame_01_49_03_000.jpg,64,160,128,208,dorsal,93
440,F:\Datasets\TFMTestRemake\CropSegInputBottom\482_Ayagaures_frame_16_50_55_000.jpg,64,176,112,224,dorsal,99
441,F:\Datasets\TFMTestRemake\CropSegInputBottom\484_Arucas_frame_01_50_54_000.jpg,48,256,80,288,dorsal,81
442,F:\Datasets\TFMTestRemake\CropSegInputBottom\485_Arucas_frame_01_50_54_000.jpg,64,112,96,144,dorsal,99
443,F:\Datasets\TFMTestRemake\CropSegInputBottom\489_Ayagaures_frame_16_00_09_000.jpg,96,256,192,304,dorsal,97
444,F:\Datasets\TFMTestRemake\CropSegInputBottom\493_Ayagaures_frame_15_10_55_000.jpg,16,224,96,288,dorsal,99
445,F:\Datasets\TFMTestRemake\CropSegInputBottom\495_Arucas_frame_01_53_02_000.jpg,64,208,144,272,dorsal,99
446,F:\Datasets\TFMTestRemake\CropSegInputBottom\498_Arucas_frame_01_36_03_000.jpg,32,176,96,224,dorsal,99
447,F:\Datasets\TFMTestRemake\CropSegInputBottom\502_PresaDeHornos_frame_07_52_13_000.jpg,48,144,144,208,dorsal,89
448,F:\Datasets\TFMTestRemake\CropSegInputBottom\504_Ayagaures_frame_17_11_00_000.jpg,16,256,96,320,dorsal,99
449,F:\Datasets\TFMTestRemake\CropSegInputBottom\504_Ayagaures_frame_17_11_00_000.jpg,32,160,80,192,dorsal,97
450,F:\Datasets\TFMTestRemake\CropSegInputBottom\512_Ayagaures_frame_11_22_48_000.jpg,0,80,48,112,dorsal,99
451,F:\Datasets\TFMTestRemake\CropSegInputBottom\514_ParqueSur_frame_18_44_48_000.jpg,0,112,48,144,dorsal,96
452,F:\Datasets\TFMTestRemake\CropSegInputBottom\51_Arucas_frame_01_46_56_000.jpg,112,240,224,336,dorsal,99
453,F:\Datasets\TFMTestRemake\CropSegInputBottom\520_Arucas_frame_01_30_22_000.jpg,96,112,128,144,dorsal,94
454,F:\Datasets\TFMTestRemake\CropSegInputBottom\522_Arucas_frame_01_30_22_000.jpg,32,192,96,240,dorsal,99
455,F:\Datasets\TFMTestRemake\CropSegInputBottom\525_Arucas_frame_01_30_22_000.jpg,48,112,64,144,dorsal,96
456,F:\Datasets\TFMTestRemake\CropSegInputBottom\527_Arucas_frame_01_16_48_000.jpg,16,64,48,80,dorsal,95
457,F:\Datasets\TFMTestRemake\CropSegInputBottom\528_Arucas_frame_01_16_48_000.jpg,80,256,192,336,dorsal,99
458,F:\Datasets\TFMTestRemake\CropSegInputBottom\531_Arucas_frame_01_21_27_000.jpg,64,144,144,208,dorsal,99
459,F:\Datasets\TFMTestRemake\CropSegInputBottom\536_Arucas_frame_01_21_27_000.jpg,16,64,32,80,dorsal,99
460,F:\Datasets\TFMTestRemake\CropSegInputBottom\539_Arucas_frame_01_27_50_000.jpg,80,400,112,432,dorsal,99
461,F:\Datasets\TFMTestRemake\CropSegInputBottom\541_Arucas_frame_01_27_50_000.jpg,64,160,128,208,dorsal,99
462,F:\Datasets\TFMTestRemake\CropSegInputBottom\545_Arucas_frame_01_52_04_000.jpg,96,64,288,208,dorsal,99
463,F:\Datasets\TFMTestRemake\CropSegInputBottom\545_Arucas_frame_01_52_04_000.jpg,336,512,384,544,dorsal,96
464,F:\Datasets\TFMTestRemake\CropSegInputBottom\547_Ayagaures_frame_13_33_01_000.jpg,48,144,96,192,dorsal,99
465,F:\Datasets\TFMTestRemake\CropSegInputBottom\550_Arucas_frame_01_51_55_000.jpg,48,160,96,192,dorsal,98
466,F:\Datasets\TFMTestRemake\CropSegInputBottom\555_Arucas_frame_01_51_55_000.jpg,16,96,64,128,dorsal,99
467,F:\Datasets\TFMTestRemake\CropSegInputBottom\558_Arucas_frame_01_27_57_000.jpg,80,272,176,352,dorsal,99
468,F:\Datasets\TFMTestRemake\CropSegInputBottom\558_Arucas_frame_01_27_57_000.jpg,96,112,160,160,dorsal,74
469,F:\Datasets\TFMTestRemake\CropSegInputBottom\55_Arucas_frame_01_37_03_000.jpg,80,256,160,320,dorsal,99
470,F:\Datasets\TFMTestRemake\CropSegInputBottom\55_Arucas_frame_01_37_03_000.jpg,144,80,176,112,dorsal,90
471,F:\Datasets\TFMTestRemake\CropSegInputBottom\562_Arucas_frame_01_46_50_000.jpg,144,720,192,752,dorsal,75
472,F:\Datasets\TFMTestRemake\CropSegInputBottom\564_Arucas_frame_01_45_48_000.jpg,48,176,128,240,dorsal,99
473,F:\Datasets\TFMTestRemake\CropSegInputBottom\564_Arucas_frame_01_45_48_000.jpg,0,144,48,176,dorsal,97
474,F:\Datasets\TFMTestRemake\CropSegInputBottom\568_PresaDeHornos_frame_07_53_54_000.jpg,48,112,112,160,dorsal,96
475,F:\Datasets\TFMTestRemake\CropSegInputBottom\571_Arucas_frame_01_51_33_000.jpg,96,272,224,368,dorsal,99
476,F:\Datasets\TFMTestRemake\CropSegInputBottom\573_Arucas_frame_01_51_33_000.jpg,48,160,112,192,dorsal,98
477,F:\Datasets\TFMTestRemake\CropSegInputBottom\574_ParqueSur_frame_18_15_39_000.jpg,80,192,144,240,dorsal,99
478,F:\Datasets\TFMTestRemake\CropSegInputBottom\576_Ayagaures_frame_16_15_31_000.jpg,48,208,96,256,dorsal,99
479,F:\Datasets\TFMTestRemake\CropSegInputBottom\577_Arucas_frame_01_34_46_000.jpg,48,112,112,160,dorsal,99
480,F:\Datasets\TFMTestRemake\CropSegInputBottom\578_Arucas_frame_01_34_46_000.jpg,16,96,64,128,dorsal,99
481,F:\Datasets\TFMTestRemake\CropSegInputBottom\583_Arucas_frame_01_49_44_000.jpg,96,272,208,352,dorsal,99
482,F:\Datasets\TFMTestRemake\CropSegInputBottom\583_Arucas_frame_01_49_44_000.jpg,208,240,256,288,dorsal,98
483,F:\Datasets\TFMTestRemake\CropSegInputBottom\584_Arucas_frame_01_49_44_000.jpg,16,80,64,96,dorsal,76
484,F:\Datasets\TFMTestRemake\CropSegInputBottom\588_Arucas_frame_01_50_55_000.jpg,64,128,112,176,dorsal,99
485,F:\Datasets\TFMTestRemake\CropSegInputBottom\591_Arucas_frame_01_50_55_000.jpg,16,80,32,96,dorsal,93
486,F:\Datasets\TFMTestRemake\CropSegInputBottom\592_PresaDeHornos_frame_10_01_01_000.jpg,32,112,80,160,dorsal,98
487,F:\Datasets\TFMTestRemake\CropSegInputBottom\593_ParqueSur_frame_18_46_02_000.jpg,48,128,96,176,dorsal,99
488,F:\Datasets\TFMTestRemake\CropSegInputBottom\595_Arucas_frame_01_30_50_000.jpg,48,112,80,160,dorsal,98
489,F:\Datasets\TFMTestRemake\CropSegInputBottom\598_Arucas_frame_01_40_18_000.jpg,112,208,208,272,dorsal,99
490,F:\Datasets\TFMTestRemake\CropSegInputBottom\598_Arucas_frame_01_40_18_000.jpg,0,128,48,192,dorsal,88
491,F:\Datasets\TFMTestRemake\CropSegInputBottom\599_Arucas_frame_01_40_18_000.jpg,32,176,96,224,dorsal,99
492,F:\Datasets\TFMTestRemake\CropSegInputBottom\600_Arucas_frame_01_51_54_000.jpg,48,144,96,176,dorsal,99
493,F:\Datasets\TFMTestRemake\CropSegInputBottom\602_Arucas_frame_01_30_53_000.jpg,224,624,288,672,dorsal,94
494,F:\Datasets\TFMTestRemake\CropSegInputBottom\603_Arucas_frame_01_30_53_000.jpg,80,176,144,240,dorsal,99
495,F:\Datasets\TFMTestRemake\CropSegInputBottom\606_Arucas_frame_01_52_20_000.jpg,48,160,128,224,dorsal,99
496,F:\Datasets\TFMTestRemake\CropSegInputBottom\607_Arucas_frame_01_52_20_000.jpg,192,512,368,656,dorsal,99
497,F:\Datasets\TFMTestRemake\CropSegInputBottom\607_Arucas_frame_01_52_20_000.jpg,0,304,32,336,dorsal,98
498,F:\Datasets\TFMTestRemake\CropSegInputBottom\607_Arucas_frame_01_52_20_000.jpg,208,800,272,848,dorsal,96
499,F:\Datasets\TFMTestRemake\CropSegInputBottom\609_Arucas_frame_01_52_20_000.jpg,112,496,160,544,dorsal,98
500,F:\Datasets\TFMTestRemake\CropSegInputBottom\60_Ayagaures_frame_16_10_18_000.jpg,16,272,80,336,dorsal,99
501,F:\Datasets\TFMTestRemake\CropSegInputBottom\610_Arucas_frame_01_39_44_000.jpg,80,176,224,272,dorsal,98
502,F:\Datasets\TFMTestRemake\CropSegInputBottom\614_PresaDeHornos_frame_10_54_19_000.jpg,32,64,64,96,dorsal,99
503,F:\Datasets\TFMTestRemake\CropSegInputBottom\615_PresaDeHornos_frame_11_04_36_000.jpg,48,96,80,128,dorsal,99
504,F:\Datasets\TFMTestRemake\CropSegInputBottom\617_Arucas_frame_01_48_10_000.jpg,48,192,144,272,dorsal,99
505,F:\Datasets\TFMTestRemake\CropSegInputBottom\617_Arucas_frame_01_48_10_000.jpg,48,320,80,336,dorsal,84
506,F:\Datasets\TFMTestRemake\CropSegInputBottom\622_Arucas_frame_01_18_19_000.jpg,80,288,176,368,dorsal,98
507,F:\Datasets\TFMTestRemake\CropSegInputBottom\623_Arucas_frame_01_18_19_000.jpg,112,160,160,192,dorsal,92
508,F:\Datasets\TFMTestRemake\CropSegInputBottom\624_Arucas_frame_01_33_53_000.jpg,16,112,64,144,dorsal,99
509,F:\Datasets\TFMTestRemake\CropSegInputBottom\627_Arucas_frame_01_33_53_000.jpg,112,608,176,656,dorsal,73
510,F:\Datasets\TFMTestRemake\CropSegInputBottom\628_Arucas_frame_01_33_53_000.jpg,32,128,80,160,dorsal,97
511,F:\Datasets\TFMTestRemake\CropSegInputBottom\62_ParqueSur_frame_20_17_35_000.jpg,32,64,48,80,dorsal,90
512,F:\Datasets\TFMTestRemake\CropSegInputBottom\631_Arucas_frame_01_29_35_000.jpg,96,384,240,496,dorsal,98
513,F:\Datasets\TFMTestRemake\CropSegInputBottom\632_ParqueSur_frame_16_39_32_000.jpg,48,96,96,144,dorsal,99
514,F:\Datasets\TFMTestRemake\CropSegInputBottom\635_Arucas_frame_01_38_19_000.jpg,64,288,160,368,dorsal,99
515,F:\Datasets\TFMTestRemake\CropSegInputBottom\636_Arucas_frame_01_38_19_000.jpg,32,192,80,240,dorsal,92
516,F:\Datasets\TFMTestRemake\CropSegInputBottom\63_Arucas_frame_01_44_13_000.jpg,32,320,128,400,dorsal,98
517,F:\Datasets\TFMTestRemake\CropSegInputBottom\640_ParqueSur_frame_14_50_14_000.jpg,32,80,80,128,dorsal,99
518,F:\Datasets\TFMTestRemake\CropSegInputBottom\642_Arucas_frame_01_35_44_000.jpg,112,192,192,272,dorsal,99
519,F:\Datasets\TFMTestRemake\CropSegInputBottom\644_Arucas_frame_01_35_44_000.jpg,272,208,304,240,dorsal,96
520,F:\Datasets\TFMTestRemake\CropSegInputBottom\644_Arucas_frame_01_35_44_000.jpg,112,224,144,256,dorsal,77
521,F:\Datasets\TFMTestRemake\CropSegInputBottom\644_Arucas_frame_01_35_44_000.jpg,64,304,160,352,dorsal,72
522,F:\Datasets\TFMTestRemake\CropSegInputBottom\646_Arucas_frame_01_39_16_000.jpg,64,176,112,208,dorsal,99
523,F:\Datasets\TFMTestRemake\CropSegInputBottom\647_Arucas_frame_01_39_16_000.jpg,48,80,64,112,dorsal,96
524,F:\Datasets\TFMTestRemake\CropSegInputBottom\648_Arucas_frame_01_39_16_000.jpg,32,160,96,192,dorsal,99
525,F:\Datasets\TFMTestRemake\CropSegInputBottom\650_Arucas_frame_01_32_26_000.jpg,64,176,160,240,dorsal,99
526,F:\Datasets\TFMTestRemake\CropSegInputBottom\658_Ayagaures_frame_13_19_12_000.jpg,16,48,48,80,dorsal,99
527,F:\Datasets\TFMTestRemake\CropSegInputBottom\662_Arucas_frame_01_44_40_000.jpg,32,96,80,128,dorsal,88
528,F:\Datasets\TFMTestRemake\CropSegInputBottom\663_Arucas_frame_01_44_40_000.jpg,48,160,112,224,dorsal,99
529,F:\Datasets\TFMTestRemake\CropSegInputBottom\666_PresaDeHornos_frame_11_04_17_000.jpg,80,160,128,192,dorsal,99
530,F:\Datasets\TFMTestRemake\CropSegInputBottom\668_Ayagaures_frame_18_38_43_000.jpg,32,80,64,128,dorsal,94
531,F:\Datasets\TFMTestRemake\CropSegInputBottom\675_PresaDeHornos_frame_10_01_24_000.jpg,32,128,64,160,dorsal,99
532,F:\Datasets\TFMTestRemake\CropSegInputBottom\677_Ayagaures_frame_16_08_43_000.jpg,48,192,96,224,dorsal,99
533,F:\Datasets\TFMTestRemake\CropSegInputBottom\679_Arucas_frame_01_37_31_000.jpg,0,336,48,368,dorsal,99
534,F:\Datasets\TFMTestRemake\CropSegInputBottom\679_Arucas_frame_01_37_31_000.jpg,112,304,256,400,dorsal,99
535,F:\Datasets\TFMTestRemake\CropSegInputBottom\679_Arucas_frame_01_37_31_000.jpg,16,240,64,272,dorsal,98
536,F:\Datasets\TFMTestRemake\CropSegInputBottom\679_Arucas_frame_01_37_31_000.jpg,112,96,160,128,dorsal,95
537,F:\Datasets\TFMTestRemake\CropSegInputBottom\67_Arucas_frame_01_51_36_000.jpg,64,144,128,208,dorsal,99
538,F:\Datasets\TFMTestRemake\CropSegInputBottom\680_Arucas_frame_01_37_31_000.jpg,160,448,320,544,dorsal,93
539,F:\Datasets\TFMTestRemake\CropSegInputBottom\680_Arucas_frame_01_37_31_000.jpg,384,416,464,480,dorsal,70
540,F:\Datasets\TFMTestRemake\CropSegInputBottom\682_Arucas_frame_01_49_04_000.jpg,64,192,144,256,dorsal,99
541,F:\Datasets\TFMTestRemake\CropSegInputBottom\685_ParqueSur_frame_18_00_07_000.jpg,64,128,112,160,dorsal,99
542,F:\Datasets\TFMTestRemake\CropSegInputBottom\688_ParqueSur_frame_16_33_18_000.jpg,64,160,112,192,dorsal,99
543,F:\Datasets\TFMTestRemake\CropSegInputBottom\689_Arucas_frame_01_40_52_000.jpg,32,192,112,256,dorsal,99
544,F:\Datasets\TFMTestRemake\CropSegInputBottom\695_ParqueSur_frame_19_57_12_000.jpg,48,96,96,144,dorsal,96
545,F:\Datasets\TFMTestRemake\CropSegInputBottom\696_Arucas_frame_01_49_46_000.jpg,112,160,176,224,dorsal,98
546,F:\Datasets\TFMTestRemake\CropSegInputBottom\696_Arucas_frame_01_49_46_000.jpg,240,352,288,416,dorsal,91
547,F:\Datasets\TFMTestRemake\CropSegInputBottom\699_Ayagaures_frame_17_58_22_000.jpg,16,128,64,160,dorsal,99
548,F:\Datasets\TFMTestRemake\CropSegInputBottom\704_Arucas_frame_01_47_59_000.jpg,48,144,112,208,dorsal,99
549,F:\Datasets\TFMTestRemake\CropSegInputBottom\705_Arucas_frame_01_47_59_000.jpg,64,736,112,768,dorsal,98
550,F:\Datasets\TFMTestRemake\CropSegInputBottom\707_Arucas_frame_01_47_59_000.jpg,16,256,64,320,dorsal,99
551,F:\Datasets\TFMTestRemake\CropSegInputBottom\707_Arucas_frame_01_47_59_000.jpg,0,32,32,64,dorsal,98
552,F:\Datasets\TFMTestRemake\CropSegInputBottom\707_Arucas_frame_01_47_59_000.jpg,192,688,272,752,dorsal,84
553,F:\Datasets\TFMTestRemake\CropSegInputBottom\710_Arucas_frame_01_08_02_000.jpg,64,0,160,48,dorsal,91
554,F:\Datasets\TFMTestRemake\CropSegInputBottom\711_ParqueSur_frame_19_21_44_000.jpg,128,256,208,320,dorsal,93
555,F:\Datasets\TFMTestRemake\CropSegInputBottom\711_ParqueSur_frame_19_21_44_000.jpg,64,128,112,192,dorsal,89
556,F:\Datasets\TFMTestRemake\CropSegInputBottom\714_Arucas_frame_01_50_44_000.jpg,304,240,352,272,dorsal,99
557,F:\Datasets\TFMTestRemake\CropSegInputBottom\714_Arucas_frame_01_50_44_000.jpg,128,320,240,400,dorsal,98
558,F:\Datasets\TFMTestRemake\CropSegInputBottom\714_Arucas_frame_01_50_44_000.jpg,0,256,32,288,dorsal,75
559,F:\Datasets\TFMTestRemake\CropSegInputBottom\714_Arucas_frame_01_50_44_000.jpg,112,192,208,256,dorsal,72
560,F:\Datasets\TFMTestRemake\CropSegInputBottom\718_Arucas_frame_01_49_02_000.jpg,48,128,112,192,dorsal,99
561,F:\Datasets\TFMTestRemake\CropSegInputBottom\71_Arucas_frame_01_41_01_000.jpg,112,432,272,560,dorsal,99
562,F:\Datasets\TFMTestRemake\CropSegInputBottom\71_Arucas_frame_01_41_01_000.jpg,160,624,192,656,dorsal,97
563,F:\Datasets\TFMTestRemake\CropSegInputBottom\71_Arucas_frame_01_41_01_000.jpg,288,448,352,528,dorsal,95
564,F:\Datasets\TFMTestRemake\CropSegInputBottom\724_Arucas_frame_01_37_16_000.jpg,32,160,80,192,dorsal,95
565,F:\Datasets\TFMTestRemake\CropSegInputBottom\727_Arucas_frame_01_37_16_000.jpg,16,0,48,32,dorsal,73
566,F:\Datasets\TFMTestRemake\CropSegInputBottom\729_ParqueSur_frame_19_42_08_000.jpg,16,48,32,64,dorsal,86
567,F:\Datasets\TFMTestRemake\CropSegInputBottom\72_Arucas_frame_01_32_56_000.jpg,32,96,80,128,dorsal,99
568,F:\Datasets\TFMTestRemake\CropSegInputBottom\730_Arucas_frame_01_46_01_000.jpg,32,96,64,128,dorsal,99
569,F:\Datasets\TFMTestRemake\CropSegInputBottom\731_Arucas_frame_01_46_01_000.jpg,80,112,128,160,dorsal,99
570,F:\Datasets\TFMTestRemake\CropSegInputBottom\737_Arucas_frame_01_36_44_000.jpg,48,128,96,160,dorsal,99
571,F:\Datasets\TFMTestRemake\CropSegInputBottom\740_Arucas_frame_01_37_37_000.jpg,112,208,240,304,dorsal,98
572,F:\Datasets\TFMTestRemake\CropSegInputBottom\744_Ayagaures_frame_16_14_38_000.jpg,32,96,80,128,dorsal,99
573,F:\Datasets\TFMTestRemake\CropSegInputBottom\745_ParqueSur_frame_20_23_52_000.jpg,48,96,96,128,dorsal,99
574,F:\Datasets\TFMTestRemake\CropSegInputBottom\748_Arucas_frame_01_31_32_000.jpg,80,224,144,288,dorsal,99
575,F:\Datasets\TFMTestRemake\CropSegInputBottom\749_Arucas_frame_01_41_00_000.jpg,112,272,224,352,dorsal,98
576,F:\Datasets\TFMTestRemake\CropSegInputBottom\74_Arucas_frame_01_32_56_000.jpg,32,688,80,720,dorsal,98
577,F:\Datasets\TFMTestRemake\CropSegInputBottom\750_Arucas_frame_01_41_00_000.jpg,144,640,208,688,dorsal,96
578,F:\Datasets\TFMTestRemake\CropSegInputBottom\754_Arucas_frame_01_40_16_000.jpg,16,80,48,112,dorsal,98
579,F:\Datasets\TFMTestRemake\CropSegInputBottom\755_Arucas_frame_01_40_16_000.jpg,64,128,112,160,dorsal,98
580,F:\Datasets\TFMTestRemake\CropSegInputBottom\759_Arucas_frame_01_34_28_000.jpg,64,128,112,160,dorsal,98
581,F:\Datasets\TFMTestRemake\CropSegInputBottom\763_Ayagaures_frame_17_33_15_000.jpg,16,96,64,128,dorsal,99
582,F:\Datasets\TFMTestRemake\CropSegInputBottom\767_Arucas_frame_01_41_13_000.jpg,48,208,128,256,dorsal,99
583,F:\Datasets\TFMTestRemake\CropSegInputBottom\768_Arucas_frame_01_41_13_000.jpg,48,160,112,208,dorsal,99
584,F:\Datasets\TFMTestRemake\CropSegInputBottom\770_Arucas_frame_01_41_13_000.jpg,32,96,80,128,dorsal,99
585,F:\Datasets\TFMTestRemake\CropSegInputBottom\773_ParqueSur_frame_15_23_47_000.jpg,32,80,64,112,dorsal,99
586,F:\Datasets\TFMTestRemake\CropSegInputBottom\776_ParqueSur_frame_15_23_47_000.jpg,64,96,96,128,dorsal,98
587,F:\Datasets\TFMTestRemake\CropSegInputBottom\778_Arucas_frame_01_45_10_000.jpg,128,320,256,432,dorsal,99
588,F:\Datasets\TFMTestRemake\CropSegInputBottom\778_Arucas_frame_01_45_10_000.jpg,0,176,32,224,dorsal,98
589,F:\Datasets\TFMTestRemake\CropSegInputBottom\779_Arucas_frame_01_33_10_000.jpg,112,256,208,336,dorsal,98
590,F:\Datasets\TFMTestRemake\CropSegInputBottom\77_Arucas_frame_01_48_08_000.jpg,32,144,96,192,dorsal,99
591,F:\Datasets\TFMTestRemake\CropSegInputBottom\782_Arucas_frame_01_25_08_000.jpg,128,240,224,320,dorsal,99
592,F:\Datasets\TFMTestRemake\CropSegInputBottom\782_Arucas_frame_01_25_08_000.jpg,48,512,96,544,dorsal,89
593,F:\Datasets\TFMTestRemake\CropSegInputBottom\787_Arucas_frame_01_51_29_000.jpg,32,352,112,416,dorsal,99
594,F:\Datasets\TFMTestRemake\CropSegInputBottom\787_Arucas_frame_01_51_29_000.jpg,208,336,240,384,dorsal,91
595,F:\Datasets\TFMTestRemake\CropSegInputBottom\789_Ayagaures_frame_18_11_31_000.jpg,32,112,80,160,dorsal,99
596,F:\Datasets\TFMTestRemake\CropSegInputBottom\78_ParqueSur_frame_16_03_39_000.jpg,16,192,80,256,dorsal,99
597,F:\Datasets\TFMTestRemake\CropSegInputBottom\78_ParqueSur_frame_16_03_39_000.jpg,128,64,160,96,dorsal,86
598,F:\Datasets\TFMTestRemake\CropSegInputBottom\790_Ayagaures_frame_18_11_31_000.jpg,48,112,96,160,dorsal,99
599,F:\Datasets\TFMTestRemake\CropSegInputBottom\792_Arucas_frame_01_09_51_000.jpg,32,160,80,192,dorsal,98
600,F:\Datasets\TFMTestRemake\CropSegInputBottom\799_Arucas_frame_01_41_58_000.jpg,48,672,96,720,dorsal,74
601,F:\Datasets\TFMTestRemake\CropSegInputBottom\800_Arucas_frame_01_41_58_000.jpg,48,176,128,240,dorsal,99
602,F:\Datasets\TFMTestRemake\CropSegInputBottom\806_ParqueSur_frame_20_23_07_000.jpg,64,128,112,160,dorsal,99
603,F:\Datasets\TFMTestRemake\CropSegInputBottom\807_ParqueSur_frame_18_47_09_000.jpg,80,176,144,224,dorsal,99
604,F:\Datasets\TFMTestRemake\CropSegInputBottom\807_ParqueSur_frame_18_47_09_000.jpg,64,128,112,160,dorsal,80
605,F:\Datasets\TFMTestRemake\CropSegInputBottom\808_ParqueSur_frame_18_47_09_000.jpg,64,176,112,224,dorsal,99
606,F:\Datasets\TFMTestRemake\CropSegInputBottom\809_ParqueSur_frame_19_23_24_000.jpg,0,144,32,192,dorsal,99
607,F:\Datasets\TFMTestRemake\CropSegInputBottom\80_Ayagaures_frame_13_08_30_000.jpg,32,128,80,160,dorsal,98
608,F:\Datasets\TFMTestRemake\CropSegInputBottom\812_Arucas_frame_01_14_15_000.jpg,48,128,128,176,dorsal,99
609,F:\Datasets\TFMTestRemake\CropSegInputBottom\813_Arucas_frame_01_14_15_000.jpg,0,96,32,144,dorsal,99
610,F:\Datasets\TFMTestRemake\CropSegInputBottom\816_Arucas_frame_01_49_21_000.jpg,128,256,224,352,dorsal,99
611,F:\Datasets\TFMTestRemake\CropSegInputBottom\816_Arucas_frame_01_49_21_000.jpg,272,256,304,288,dorsal,85
612,F:\Datasets\TFMTestRemake\CropSegInputBottom\81_Ayagaures_frame_13_08_30_000.jpg,0,400,16,432,dorsal,78
613,F:\Datasets\TFMTestRemake\CropSegInputBottom\821_Arucas_frame_01_35_41_000.jpg,80,112,128,160,dorsal,99
614,F:\Datasets\TFMTestRemake\CropSegInputBottom\825_Arucas_frame_01_29_16_000.jpg,96,256,192,336,dorsal,99
615,F:\Datasets\TFMTestRemake\CropSegInputBottom\830_Arucas_frame_01_24_14_000.jpg,64,112,96,144,dorsal,99
616,F:\Datasets\TFMTestRemake\CropSegInputBottom\831_Arucas_frame_01_24_14_000.jpg,128,704,176,752,dorsal,97
617,F:\Datasets\TFMTestRemake\CropSegInputBottom\835_Arucas_frame_01_40_19_000.jpg,48,192,128,272,dorsal,99
618,F:\Datasets\TFMTestRemake\CropSegInputBottom\837_ParqueSur_frame_19_32_15_000.jpg,16,80,48,112,dorsal,99
619,F:\Datasets\TFMTestRemake\CropSegInputBottom\838_Arucas_frame_01_37_34_000.jpg,144,272,272,368,dorsal,99
620,F:\Datasets\TFMTestRemake\CropSegInputBottom\838_Arucas_frame_01_37_34_000.jpg,0,368,32,400,dorsal,80
621,F:\Datasets\TFMTestRemake\CropSegInputBottom\838_Arucas_frame_01_37_34_000.jpg,0,240,48,288,dorsal,76
622,F:\Datasets\TFMTestRemake\CropSegInputBottom\840_Arucas_frame_01_37_34_000.jpg,48,288,160,384,dorsal,92
623,F:\Datasets\TFMTestRemake\CropSegInputBottom\841_Arucas_frame_01_37_34_000.jpg,32,496,240,624,dorsal,99
624,F:\Datasets\TFMTestRemake\CropSegInputBottom\843_Arucas_frame_01_33_01_000.jpg,16,64,48,96,dorsal,99
625,F:\Datasets\TFMTestRemake\CropSegInputBottom\844_Arucas_frame_01_33_01_000.jpg,48,96,96,144,dorsal,99
626,F:\Datasets\TFMTestRemake\CropSegInputBottom\845_Arucas_frame_01_33_01_000.jpg,32,192,80,224,dorsal,99
627,F:\Datasets\TFMTestRemake\CropSegInputBottom\845_Arucas_frame_01_33_01_000.jpg,16,128,48,160,dorsal,94
628,F:\Datasets\TFMTestRemake\CropSegInputBottom\848_Arucas_frame_01_48_06_000.jpg,32,112,80,144,dorsal,99
629,F:\Datasets\TFMTestRemake\CropSegInputBottom\84_PresaDeHornos_frame_11_04_37_000.jpg,80,144,128,176,dorsal,98
630,F:\Datasets\TFMTestRemake\CropSegInputBottom\855_Arucas_frame_01_31_41_000.jpg,96,288,224,400,dorsal,99
631,F:\Datasets\TFMTestRemake\CropSegInputBottom\859_Arucas_frame_01_24_53_000.jpg,80,240,208,352,dorsal,99
632,F:\Datasets\TFMTestRemake\CropSegInputBottom\859_Arucas_frame_01_24_53_000.jpg,96,480,160,528,dorsal,92
633,F:\Datasets\TFMTestRemake\CropSegInputBottom\867_Arucas_frame_01_26_17_000.jpg,48,64,112,112,dorsal,99
634,F:\Datasets\TFMTestRemake\CropSegInputBottom\86_Arucas_frame_01_52_26_000.jpg,16,160,80,208,dorsal,99
635,F:\Datasets\TFMTestRemake\CropSegInputBottom\870_Arucas_frame_01_38_46_000.jpg,96,192,176,256,dorsal,99
636,F:\Datasets\TFMTestRemake\CropSegInputBottom\870_Arucas_frame_01_38_46_000.jpg,128,96,192,144,dorsal,82
637,F:\Datasets\TFMTestRemake\CropSegInputBottom\874_Ayagaures_frame_18_15_05_000.jpg,64,208,144,272,dorsal,99
638,F:\Datasets\TFMTestRemake\CropSegInputBottom\874_Ayagaures_frame_18_15_05_000.jpg,48,96,80,128,dorsal,73
639,F:\Datasets\TFMTestRemake\CropSegInputBottom\878_Arucas_frame_01_44_52_000.jpg,80,192,144,256,dorsal,99
640,F:\Datasets\TFMTestRemake\CropSegInputBottom\881_Arucas_frame_01_44_52_000.jpg,16,48,32,64,dorsal,98
641,F:\Datasets\TFMTestRemake\CropSegInputBottom\885_Arucas_frame_01_38_11_000.jpg,192,96,240,128,dorsal,73
642,F:\Datasets\TFMTestRemake\CropSegInputBottom\889_Arucas_frame_01_38_11_000.jpg,0,80,32,96,dorsal,72
643,F:\Datasets\TFMTestRemake\CropSegInputBottom\88_Arucas_frame_01_24_22_000.jpg,32,128,96,160,dorsal,99
644,F:\Datasets\TFMTestRemake\CropSegInputBottom\890_Arucas_frame_01_50_04_000.jpg,48,112,96,144,dorsal,99
645,F:\Datasets\TFMTestRemake\CropSegInputBottom\892_Arucas_frame_01_50_04_000.jpg,176,96,256,144,dorsal,82
646,F:\Datasets\TFMTestRemake\CropSegInputBottom\894_Arucas_frame_01_29_42_000.jpg,48,144,112,176,dorsal,99
647,F:\Datasets\TFMTestRemake\CropSegInputBottom\898_Ayagaures_frame_15_43_42_000.jpg,32,192,80,240,dorsal,99
648,F:\Datasets\TFMTestRemake\CropSegInputBottom\8_Ayagaures_frame_18_15_22_000.jpg,32,128,80,176,dorsal,99
649,F:\Datasets\TFMTestRemake\CropSegInputBottom\900_Ayagaures_frame_18_25_52_000.jpg,32,80,80,112,dorsal,99
650,F:\Datasets\TFMTestRemake\CropSegInputBottom\907_Arucas_frame_01_44_45_000.jpg,96,192,192,256,dorsal,99
651,F:\Datasets\TFMTestRemake\CropSegInputBottom\907_Arucas_frame_01_44_45_000.jpg,48,128,80,160,dorsal,77
652,F:\Datasets\TFMTestRemake\CropSegInputBottom\913_Arucas_frame_01_30_08_000.jpg,16,64,32,80,dorsal,70
653,F:\Datasets\TFMTestRemake\CropSegInputBottom\916_ParqueSur_frame_17_12_39_000.jpg,32,288,128,368,dorsal,99
654,F:\Datasets\TFMTestRemake\CropSegInputBottom\916_ParqueSur_frame_17_12_39_000.jpg,112,224,144,272,dorsal,73
655,F:\Datasets\TFMTestRemake\CropSegInputBottom\917_Arucas_frame_01_50_35_000.jpg,80,192,160,256,dorsal,99
656,F:\Datasets\TFMTestRemake\CropSegInputBottom\917_Arucas_frame_01_50_35_000.jpg,144,288,176,304,dorsal,75
657,F:\Datasets\TFMTestRemake\CropSegInputBottom\919_Arucas_frame_01_50_35_000.jpg,112,352,224,416,dorsal,99
658,F:\Datasets\TFMTestRemake\CropSegInputBottom\922_Ayagaures_frame_13_47_16_000.jpg,16,128,64,160,dorsal,99
659,F:\Datasets\TFMTestRemake\CropSegInputBottom\926_Arucas_frame_01_29_55_000.jpg,64,160,112,192,dorsal,99
660,F:\Datasets\TFMTestRemake\CropSegInputBottom\929_Arucas_frame_01_33_55_000.jpg,32,176,112,240,dorsal,99
661,F:\Datasets\TFMTestRemake\CropSegInputBottom\930_Arucas_frame_01_33_55_000.jpg,64,192,160,256,dorsal,98
662,F:\Datasets\TFMTestRemake\CropSegInputBottom\933_Arucas_frame_01_37_19_000.jpg,32,96,80,128,dorsal,99
663,F:\Datasets\TFMTestRemake\CropSegInputBottom\933_Arucas_frame_01_37_19_000.jpg,0,144,16,160,dorsal,76
664,F:\Datasets\TFMTestRemake\CropSegInputBottom\934_Arucas_frame_01_37_19_000.jpg,192,192,256,256,dorsal,82
665,F:\Datasets\TFMTestRemake\CropSegInputBottom\935_Arucas_frame_01_37_19_000.jpg,64,64,160,144,dorsal,99
666,F:\Datasets\TFMTestRemake\CropSegInputBottom\938_Arucas_frame_01_49_56_000.jpg,80,272,208,352,dorsal,99
667,F:\Datasets\TFMTestRemake\CropSegInputBottom\941_Arucas_frame_01_42_31_000.jpg,64,176,128,224,dorsal,98
668,F:\Datasets\TFMTestRemake\CropSegInputBottom\943_Arucas_frame_01_42_31_000.jpg,128,224,224,304,dorsal,99
669,F:\Datasets\TFMTestRemake\CropSegInputBottom\944_Arucas_frame_01_42_31_000.jpg,80,656,128,704,dorsal,83
670,F:\Datasets\TFMTestRemake\CropSegInputBottom\946_PresaDeHornos_frame_10_01_03_000.jpg,48,192,128,256,dorsal,99
671,F:\Datasets\TFMTestRemake\CropSegInputBottom\947_ParqueSur_frame_19_57_13_000.jpg,64,128,112,160,dorsal,99
672,F:\Datasets\TFMTestRemake\CropSegInputBottom\94_Arucas_frame_01_34_16_000.jpg,48,144,96,192,dorsal,99
673,F:\Datasets\TFMTestRemake\CropSegInputBottom\94_Arucas_frame_01_34_16_000.jpg,0,208,32,240,dorsal,97
674,F:\Datasets\TFMTestRemake\CropSegInputBottom\950_Arucas_frame_01_43_50_000.jpg,32,192,96,240,dorsal,99
675,F:\Datasets\TFMTestRemake\CropSegInputBottom\958_Arucas_frame_01_14_35_000.jpg,0,384,32,416,dorsal,96
676,F:\Datasets\TFMTestRemake\CropSegInputBottom\963_Arucas_frame_01_27_49_000.jpg,64,144,112,176,dorsal,98
677,F:\Datasets\TFMTestRemake\CropSegInputBottom\967_Arucas_frame_01_40_21_000.jpg,48,160,96,192,dorsal,99
678,F:\Datasets\TFMTestRemake\CropSegInputBottom\968_Arucas_frame_01_40_21_000.jpg,80,96,112,128,dorsal,95
679,F:\Datasets\TFMTestRemake\CropSegInputBottom\968_Arucas_frame_01_40_21_000.jpg,112,32,208,80,dorsal,83
680,F:\Datasets\TFMTestRemake\CropSegInputBottom\970_Arucas_frame_01_40_21_000.jpg,112,256,208,352,dorsal,99
681,F:\Datasets\TFMTestRemake\CropSegInputBottom\970_Arucas_frame_01_40_21_000.jpg,336,32,384,64,dorsal,70
682,F:\Datasets\TFMTestRemake\CropSegInputBottom\971_Arucas_frame_01_45_42_000.jpg,32,160,112,224,dorsal,99
683,F:\Datasets\TFMTestRemake\CropSegInputBottom\973_Arucas_frame_01_45_42_000.jpg,0,128,64,176,dorsal,99
684,F:\Datasets\TFMTestRemake\CropSegInputBottom\974_Arucas_frame_01_45_42_000.jpg,0,128,128,192,dorsal,96
685,F:\Datasets\TFMTestRemake\CropSegInputBottom\974_Arucas_frame_01_45_42_000.jpg,176,416,224,448,dorsal,90
686,F:\Datasets\TFMTestRemake\CropSegInputBottom\974_Arucas_frame_01_45_42_000.jpg,144,560,224,624,dorsal,78
687,F:\Datasets\TFMTestRemake\CropSegInputBottom\974_Arucas_frame_01_45_42_000.jpg,192,80,256,128,dorsal,77
688,F:\Datasets\TFMTestRemake\CropSegInputBottom\975_Arucas_frame_01_38_44_000.jpg,64,128,128,176,dorsal,99
689,F:\Datasets\TFMTestRemake\CropSegInputBottom\976_Arucas_frame_01_38_44_000.jpg,80,656,144,704,dorsal,99
690,F:\Datasets\TFMTestRemake\CropSegInputBottom\978_Arucas_frame_01_38_44_000.jpg,16,64,32,80,dorsal,79
691,F:\Datasets\TFMTestRemake\CropSegInputBottom\979_Arucas_frame_01_46_17_000.jpg,64,160,128,224,dorsal,99
692,F:\Datasets\TFMTestRemake\CropSegInputBottom\97_Arucas_frame_01_34_16_000.jpg,16,64,48,80,dorsal,97
693,F:\Datasets\TFMTestRemake\CropSegInputBottom\981_Arucas_frame_01_46_17_000.jpg,80,368,112,400,dorsal,75
694,F:\Datasets\TFMTestRemake\CropSegInputBottom\983_Arucas_frame_01_46_17_000.jpg,80,560,128,592,dorsal,97
695,F:\Datasets\TFMTestRemake\CropSegInputBottom\984_ParqueSur_frame_18_11_09_000.jpg,96,144,128,192,dorsal,99
696,F:\Datasets\TFMTestRemake\CropSegInputBottom\985_Arucas_frame_01_37_02_000.jpg,64,208,128,256,dorsal,99
697,F:\Datasets\TFMTestRemake\CropSegInputBottom\986_Arucas_frame_01_37_02_000.jpg,48,144,80,176,dorsal,99
698,F:\Datasets\TFMTestRemake\CropSegInputBottom\986_Arucas_frame_01_37_02_000.jpg,0,96,32,128,dorsal,83
699,F:\Datasets\TFMTestRemake\CropSegInputBottom\992_Arucas_frame_01_16_59_000.jpg,48,96,96,128,dorsal,99
700,F:\Datasets\TFMTestRemake\CropSegInputBottom\994_Arucas_frame_01_16_59_000.jpg,96,240,208,320,dorsal,99
701,F:\Datasets\TFMTestRemake\CropSegInputBottom\997_Arucas_frame_01_29_30_000.jpg,32,272,128,336,dorsal,91
702,F:\Datasets\TFMTestRemake\CropSegInputBottom\99_Arucas_frame_01_42_55_000.jpg,16,256,208,400,dorsal,99
703,F:\Datasets\TFMTestRemake\CropSegInputBottom\99_Arucas_frame_01_42_55_000.jpg,32,464,80,496,dorsal,79
